network,domain,site_code,ws_area_ha,cc_mean_annual_precip,cc_mean_annual_temp,vd_mean_eos,va_mean_annual_gpp,va_mean_annual_npp,te_slope_mean,te_elev_mean,te_elev_min,te_elev_max,te_aspect_mean,hd_bfi_mean,lg_nlcd_water,lg_nlcd_ice_snow,lg_nlcd_dev_open,lg_nlcd_dev_low,lg_nlcd_dev_med,lg_nlcd_dev_hi,lg_nlcd_barren,lg_nlcd_forest_dec,lg_nlcd_forest_evr,lg_nlcd_forest_mix,lg_nlcd_shrub_dwr,lg_nlcd_shrub,lg_nlcd_grass,lg_nlcd_sedge,lg_lncd_lichens,lg_nlcd_moss,lg_nlcd_pasture,lg_nlcd_crop,lg_nlcd_wetland_wood,lg_nlcd_wetland_herb,pf_soil_org,pf_soil_sand,pf_soil_silt,pf_soil_clay,pf_soil_ph,pi_soil_thickness,ci_mean_annual_et,pd_geo_Al2O3_mean,pd_geo_CaO_mean,pd_geo_CompressStrength_mean,pd_geo_Fe2O3_mean,pd_geo_HydaulicCond_mean,pd_geo_K2O_mean,pd_geo_MgO_mean,pd_geo_N_mean,pd_geo_Na2O_mean,pd_geo_P2O5_mean,pd_geo_S_mean,pd_geo_SiO2_mean
lter,hbef,w1,14.0897397682343,NA,NA,NA,NA,NA,17.102342260161162,619.0531039650839,486.2210693359375,736.470703125,162.26977847490573,NA,NA,NA,NA,NA,NA,NA,NA,NA,NA,NA,NA,NA,NA,NA,NA,NA,NA,NA,NA,NA,NA,NA,NA,NA,NA,NA,NA,NA,NA,NA,NA,NA,NA,NA,NA,NA,NA,NA,NA
lter,hbef,w2,17.926609031286,NA,NA,NA,NA,NA,16.225931527883002,609.1666651140142,486.0589294433594,715.68994140625,155.5663247415829,NA,NA,NA,NA,NA,NA,NA,NA,NA,NA,NA,NA,NA,NA,NA,NA,NA,NA,NA,NA,NA,NA,NA,NA,NA,NA,NA,NA,NA,NA,NA,NA,NA,NA,NA,NA,NA,NA,NA,NA
lter,hbef,w3,40.2449543892093,NA,NA,NA,NA,NA,13.30448296606779,631.7634148330189,522.1351318359375,718.0506591796875,200.65342553380793,NA,NA,NA,NA,NA,NA,NA,NA,NA,NA,NA,NA,NA,NA,NA,NA,NA,NA,NA,NA,NA,NA,NA,NA,NA,NA,NA,NA,NA,NA,NA,NA,NA,NA,NA,NA,NA,NA,NA,NA
lter,hbef,w4,38.8277892804943,NA,NA,NA,NA,NA,13.620158720613311,605.8142908248772,446.07415771484375,745.7200927734375,141.92828510977438,NA,NA,NA,NA,NA,NA,NA,NA,NA,NA,NA,NA,NA,NA,NA,NA,NA,NA,NA,NA,NA,NA,NA,NA,NA,NA,NA,NA,NA,NA,NA,NA,NA,NA,NA,NA,NA,NA,NA,NA
lter,hbef,w5,20.7826040576217,NA,NA,NA,NA,NA,14.59651462077637,631.545232785751,486.43023681640625,769.1588134765625,156.75496276024185,NA,NA,NA,NA,NA,NA,NA,NA,NA,NA,NA,NA,NA,NA,NA,NA,NA,NA,NA,NA,NA,NA,NA,NA,NA,NA,NA,NA,NA,NA,NA,NA,NA,NA,NA,NA,NA,NA,NA,NA
lter,hbef,w6,14.9645183324444,NA,NA,NA,NA,NA,13.337973681765062,679.4124532202803,543.17095947265625,795.84234619140625,149.66436863549202,NA,NA,NA,NA,NA,NA,NA,NA,NA,NA,NA,NA,NA,NA,NA,NA,NA,NA,NA,NA,NA,NA,NA,NA,NA,NA,NA,NA,NA,NA,NA,NA,NA,NA,NA,NA,NA,NA,NA,NA
lter,hbef,w7,76.5978880179201,NA,NA,NA,NA,NA,12.902941330651755,771.9866457335371,612.419189453125,905.0484619140625,213.30246849668615,NA,NA,NA,NA,NA,NA,NA,NA,NA,NA,NA,NA,NA,NA,NA,NA,NA,NA,NA,NA,NA,NA,NA,NA,NA,NA,NA,NA,NA,NA,NA,NA,NA,NA,NA,NA,NA,NA,NA,NA
lter,hbef,w8,61.0434202792444,NA,NA,NA,NA,NA,14.804946121872737,778.4769140475784,594.239501953125,905.08685302734375,235.1699344943667,NA,NA,NA,NA,NA,NA,NA,NA,NA,NA,NA,NA,NA,NA,NA,NA,NA,NA,NA,NA,NA,NA,NA,NA,NA,NA,NA,NA,NA,NA,NA,NA,NA,NA,NA,NA,NA,NA,NA,NA
lter,hbef,w9,70.2630617540247,NA,NA,NA,NA,NA,10.842719748024221,802.6210796269503,681.566162109375,904.6859130859375,191.0562458449774,NA,NA,NA,NA,NA,NA,NA,NA,NA,NA,NA,NA,NA,NA,NA,NA,NA,NA,NA,NA,NA,NA,NA,NA,NA,NA,NA,NA,NA,NA,NA,NA,NA,NA,NA,NA,NA,NA,NA,NA
lter,hjandrews,GSLOOK,6232.56653627706,NA,NA,NA,NA,NA,13.007185304348583,1004.6447688564477,437,1571,214.4214432060066,NA,NA,NA,NA,NA,NA,NA,NA,NA,NA,NA,NA,NA,NA,NA,NA,NA,NA,NA,NA,NA,NA,NA,NA,NA,NA,NA,NA,NA,NA,NA,NA,NA,NA,NA,NA,NA,NA,NA,NA
lter,hjandrews,GSWS01,98.1799098691924,NA,NA,NA,NA,NA,27.56441128720926,721.9240093770125,457.6337890625,1027.7529296875,210.2202578032908,NA,NA,NA,NA,NA,NA,NA,NA,NA,NA,NA,NA,NA,NA,NA,NA,NA,NA,NA,NA,NA,NA,NA,NA,NA,NA,NA,NA,NA,NA,NA,NA,NA,NA,NA,NA,NA,NA,NA,NA
lter,hjandrews,GSWS02,59.1765131349723,NA,NA,NA,NA,NA,25.36543077429117,832.9345691033394,589.189697265625,1079.9791259765625,261.40883634232284,NA,NA,NA,NA,NA,NA,NA,NA,NA,NA,NA,NA,NA,NA,NA,NA,NA,NA,NA,NA,NA,NA,NA,NA,NA,NA,NA,NA,NA,NA,NA,NA,NA,NA,NA,NA,NA,NA,NA,NA
lter,hjandrews,GSWS03,93.0122661502415,NA,NA,NA,NA,NA,24.24342533129369,777.1258146507413,492.9150390625,1080.7913818359375,244.03989783594227,NA,NA,NA,NA,NA,NA,NA,NA,NA,NA,NA,NA,NA,NA,NA,NA,NA,NA,NA,NA,NA,NA,NA,NA,NA,NA,NA,NA,NA,NA,NA,NA,NA,NA,NA,NA,NA,NA,NA,NA
lter,hjandrews,GSWS06,12.0161624826768,NA,NA,NA,NA,NA,13.128665983106501,955.348694343826,899.46612548828125,1016.1958618164062,167.50264023370423,NA,NA,NA,NA,NA,NA,NA,NA,NA,NA,NA,NA,NA,NA,NA,NA,NA,NA,NA,NA,NA,NA,NA,NA,NA,NA,NA,NA,NA,NA,NA,NA,NA,NA,NA,NA,NA,NA,NA,NA
lter,hjandrews,GSWS07,12.4289382011829,NA,NA,NA,NA,NA,16.617208434396787,1006.8384931795473,936.51947021484375,1097.4393310546875,151.948406348611,NA,NA,NA,NA,NA,NA,NA,NA,NA,NA,NA,NA,NA,NA,NA,NA,NA,NA,NA,NA,NA,NA,NA,NA,NA,NA,NA,NA,NA,NA,NA,NA,NA,NA,NA,NA,NA,NA,NA,NA
lter,hjandrews,GSWS08,16.0432452376401,NA,NA,NA,NA,NA,14.591099456721219,1096.0326288212989,989.91217041015625,1246.5611572265625,183.55193459949098,NA,NA,NA,NA,NA,NA,NA,NA,NA,NA,NA,NA,NA,NA,NA,NA,NA,NA,NA,NA,NA,NA,NA,NA,NA,NA,NA,NA,NA,NA,NA,NA,NA,NA,NA,NA,NA,NA,NA,NA
lter,hjandrews,GSWS09,7.16819827147946,NA,NA,NA,NA,NA,23.952025529938656,593.9510058627535,438.96240234375,726.132568359375,241.46273025330572,NA,NA,NA,NA,NA,NA,NA,NA,NA,NA,NA,NA,NA,NA,NA,NA,NA,NA,NA,NA,NA,NA,NA,NA,NA,NA,NA,NA,NA,NA,NA,NA,NA,NA,NA,NA,NA,NA,NA,NA
lter,hjandrews,GSWS10,11.45554509608,NA,NA,NA,NA,NA,25.19071135765748,593.8633684364798,466.76971435546875,686.52606201171875,240.38938696716778,NA,NA,NA,NA,NA,NA,NA,NA,NA,NA,NA,NA,NA,NA,NA,NA,NA,NA,NA,NA,NA,NA,NA,NA,NA,NA,NA,NA,NA,NA,NA,NA,NA,NA,NA,NA,NA,NA,NA,NA
lter,hjandrews,GSMACK,579.061211896117,NA,NA,NA,NA,NA,22.500769566625664,1206.0145011396708,756.33294677734375,1626.61474609375,185.83568476006243,NA,NA,NA,NA,NA,NA,NA,NA,NA,NA,NA,NA,NA,NA,NA,NA,NA,NA,NA,NA,NA,NA,NA,NA,NA,NA,NA,NA,NA,NA,NA,NA,NA,NA,NA,NA,NA,NA,NA,NA
neon,neon,FLNT,1498666.08860273,1002.7249706372849,NA,NA,NA,NA,0.8629917989435087,160.825591053036,24,408,177.52596314915874,NA,NA,NA,NA,NA,NA,NA,NA,NA,NA,NA,NA,NA,NA,NA,NA,NA,NA,NA,NA,NA,NA,NA,NA,NA,NA,NA,NA,NA,NA,NA,NA,NA,NA,NA,NA,NA,NA,NA,NA
neon,neon,TOMB,4710989.00396274,1159.1107551918146,NA,NA,NA,NA,1.1759384630759773,122.17003672917069,0,1637,181.60987109280197,NA,NA,NA,NA,NA,NA,NA,NA,NA,NA,NA,NA,NA,NA,NA,NA,NA,NA,NA,NA,NA,NA,NA,NA,NA,NA,NA,NA,NA,NA,NA,NA,NA,NA,NA,NA,NA,NA,NA,NA
neon,neon,BLWA,1617163.69940953,1246.396567793773,NA,NA,NA,NA,1.6433210759370211,166.4575585738267,1,898,188.2958157706663,NA,NA,NA,NA,NA,NA,NA,NA,NA,NA,NA,NA,NA,NA,NA,NA,NA,NA,NA,NA,NA,NA,NA,NA,NA,NA,NA,NA,NA,NA,NA,NA,NA,NA,NA,NA,NA,NA,NA,NA
neon,neon,WLOU,490.347775628463,641.701825195222,NA,NA,NA,NA,19.240962149305897,3191.4691592100958,2900.317626953125,3530.33203125,148.375702894734,NA,NA,NA,NA,NA,NA,NA,NA,NA,NA,NA,NA,NA,NA,NA,NA,NA,NA,NA,NA,NA,NA,NA,NA,NA,NA,NA,NA,NA,NA,NA,NA,NA,NA,NA,NA,NA,NA,NA,NA
neon,neon,MCDI,2257.95882477156,898.8943013155397,NA,NA,NA,NA,3.163543262977909,425.2263303853832,372.8534851074219,458.0874328613281,160.27276944052534,NA,NA,NA,NA,NA,NA,NA,NA,NA,NA,NA,NA,NA,NA,NA,NA,NA,NA,NA,NA,NA,NA,NA,NA,NA,NA,NA,NA,NA,NA,NA,NA,NA,NA,NA,NA,NA,NA,NA,NA
neon,neon,LEWI,1190.85756655249,1006.5908241070778,NA,NA,NA,NA,4.510486170458334,172.3233797675909,125.30863189697266,205.320068359375,169.87692476255253,NA,NA,NA,NA,NA,NA,NA,NA,NA,NA,NA,NA,NA,NA,NA,NA,NA,NA,NA,NA,NA,NA,NA,NA,NA,NA,NA,NA,NA,NA,NA,NA,NA,NA,NA,NA,NA,NA,NA,NA
neon,neon,BLUE,32215.0462024718,1051.0414111940568,NA,NA,NA,NA,0.588847408780934,357.65842472582256,299,404,156.68775041022542,NA,NA,NA,NA,NA,NA,NA,NA,NA,NA,NA,NA,NA,NA,NA,NA,NA,NA,NA,NA,NA,NA,NA,NA,NA,NA,NA,NA,NA,NA,NA,NA,NA,NA,NA,NA,NA,NA,NA,NA
neon,neon,TECR,297.478021354327,1113.9900254247739,NA,NA,NA,NA,11.782281153377271,2315.6058363545376,2008.7542724609375,2489.433837890625,121.37266977359363,NA,NA,NA,NA,NA,NA,NA,NA,NA,NA,NA,NA,NA,NA,NA,NA,NA,NA,NA,NA,NA,NA,NA,NA,NA,NA,NA,NA,NA,NA,NA,NA,NA,NA,NA,NA,NA,NA,NA,NA
neon,neon,HOPB,1188.20105665329,1338.891350234815,NA,NA,NA,NA,5.878533556155938,302.8008387706109,205.33755493164062,398.2953796386719,154.28201203670457,NA,NA,NA,NA,NA,NA,NA,NA,NA,NA,NA,NA,NA,NA,NA,NA,NA,NA,NA,NA,NA,NA,NA,NA,NA,NA,NA,NA,NA,NA,NA,NA,NA,NA,NA,NA,NA,NA,NA,NA
neon,neon,MART,634.773048931428,2509.509350614468,NA,NA,NA,NA,17.009405967556404,612.491894091052,342.4830017089844,944.44122314453125,137.14370588272544,NA,NA,NA,NA,NA,NA,NA,NA,NA,NA,NA,NA,NA,NA,NA,NA,NA,NA,NA,NA,NA,NA,NA,NA,NA,NA,NA,NA,NA,NA,NA,NA,NA,NA,NA,NA,NA,NA,NA,NA
neon,neon,BIGC,1090.09223696008,922.1315499396412,NA,NA,NA,NA,17.319844739259665,1436.199888749235,1129.679931640625,1847.85400390625,144.69285368358067,NA,NA,NA,NA,NA,NA,NA,NA,NA,NA,NA,NA,NA,NA,NA,NA,NA,NA,NA,NA,NA,NA,NA,NA,NA,NA,NA,NA,NA,NA,NA,NA,NA,NA,NA,NA,NA,NA,NA,NA
neon,neon,REDB,1671.48265693958,746.1159509360702,NA,NA,NA,NA,26.25039915070969,2100.546527885239,1689.4896240234375,2530.156982421875,200.30269763787783,NA,NA,NA,NA,NA,NA,NA,NA,NA,NA,NA,NA,NA,NA,NA,NA,NA,NA,NA,NA,NA,NA,NA,NA,NA,NA,NA,NA,NA,NA,NA,NA,NA,NA,NA,NA,NA,NA,NA,NA
neon,neon,SYCA,28047.5052642295,532.7533752540854,NA,NA,NA,NA,7.951604491882591,1278.4380396732788,653,2092,193.548759280093,NA,NA,NA,NA,NA,NA,NA,NA,NA,NA,NA,NA,NA,NA,NA,NA,NA,NA,NA,NA,NA,NA,NA,NA,NA,NA,NA,NA,NA,NA,NA,NA,NA,NA,NA,NA,NA,NA,NA,NA
neon,neon,COMO,356.628618646366,1024.5161742662954,NA,NA,NA,NA,10.40500251355571,3282.2348201133686,3020.12451171875,3516.271240234375,160.1517630623789,NA,NA,NA,NA,NA,NA,NA,NA,NA,NA,NA,NA,NA,NA,NA,NA,NA,NA,NA,NA,NA,NA,NA,NA,NA,NA,NA,NA,NA,NA,NA,NA,NA,NA,NA,NA,NA,NA,NA,NA
neon,neon,BLDE,3783.90054300874,860.3488253917982,NA,NA,NA,NA,8.804372210853415,2400.7617569495037,2024,2942,199.9478243999884,NA,NA,NA,NA,NA,NA,NA,NA,NA,NA,NA,NA,NA,NA,NA,NA,NA,NA,NA,NA,NA,NA,NA,NA,NA,NA,NA,NA,NA,NA,NA,NA,NA,NA,NA,NA,NA,NA,NA,NA
neon,neon,PRIN,4891.13869463183,895.1726495962473,NA,NA,NA,NA,1.82912032675024,296.45355156657274,255,339,181.3418405740641,NA,NA,NA,NA,NA,NA,NA,NA,NA,NA,NA,NA,NA,NA,NA,NA,NA,NA,NA,NA,NA,NA,NA,NA,NA,NA,NA,NA,NA,NA,NA,NA,NA,NA,NA,NA,NA,NA,NA,NA
neon,neon,MCRA,393.221740962357,2233.679250076623,NA,NA,NA,NA,18.401985977280603,1247.8154914656984,876.892822265625,1628.8997802734375,238.8649282136487,NA,NA,NA,NA,NA,NA,NA,NA,NA,NA,NA,NA,NA,NA,NA,NA,NA,NA,NA,NA,NA,NA,NA,NA,NA,NA,NA,NA,NA,NA,NA,NA,NA,NA,NA,NA,NA,NA,NA,NA
neon,neon,CARI,3104.73890138158,NA,NA,NA,NA,NA,9.798544555501328,502.6882708662888,237,776,181.34941855273345,NA,NA,NA,NA,NA,NA,NA,NA,NA,NA,NA,NA,NA,NA,NA,NA,NA,NA,NA,NA,NA,NA,NA,NA,NA,NA,NA,NA,NA,NA,NA,NA,NA,NA,NA,NA,NA,NA,NA,NA
neon,neon,OKSR,5781.45676179809,NA,NA,NA,NA,NA,1.3249510761270602,875.227576974565,773,1103,148.00318912078578,NA,NA,NA,NA,NA,NA,NA,NA,NA,NA,NA,NA,NA,NA,NA,NA,NA,NA,NA,NA,NA,NA,NA,NA,NA,NA,NA,NA,NA,NA,NA,NA,NA,NA,NA,NA,NA,NA,NA,NA
neon,neon,ARIK,263229.722553433,368.8328455206916,NA,NA,NA,NA,0.48192133316403335,1505.531034934784,1190,1815,123.4751476360801,NA,NA,NA,NA,NA,NA,NA,NA,NA,NA,NA,NA,NA,NA,NA,NA,NA,NA,NA,NA,NA,NA,NA,NA,NA,NA,NA,NA,NA,NA,NA,NA,NA,NA,NA,NA,NA,NA,NA,NA
neon,neon,GUIL,955.294868518445,NA,NA,NA,NA,NA,21.97481299051844,819.2345163973519,547.7056884765625,1200.01708984375,188.64754298835106,NA,NA,NA,NA,NA,NA,NA,NA,NA,NA,NA,NA,NA,NA,NA,NA,NA,NA,NA,NA,NA,NA,NA,NA,NA,NA,NA,NA,NA,NA,NA,NA,NA,NA,NA,NA,NA,NA,NA,NA
neon,neon,CUPE,425.806998936391,NA,NA,NA,NA,NA,26.144258554567887,461.4369066402155,148.2349853515625,893.0477294921875,194.13506083031345,NA,NA,NA,NA,NA,NA,NA,NA,NA,NA,NA,NA,NA,NA,NA,NA,NA,NA,NA,NA,NA,NA,NA,NA,NA,NA,NA,NA,NA,NA,NA,NA,NA,NA,NA,NA,NA,NA,NA,NA
neon,neon,POSE,202.731453574656,1146.2368490315596,NA,NA,NA,NA,9.82385516222215,355.20989689227633,272.1412048339844,489.9348449707031,202.82991898093277,NA,NA,NA,NA,NA,NA,NA,NA,NA,NA,NA,NA,NA,NA,NA,NA,NA,NA,NA,NA,NA,NA,NA,NA,NA,NA,NA,NA,NA,NA,NA,NA,NA,NA,NA,NA,NA,NA,NA,NA
neon,neon,KING,1304.12533348503,878.4843254250911,NA,NA,NA,NA,7.212164082909668,391.45141026902286,325.3599853515625,444.19622802734375,188.13607840626935,NA,NA,NA,NA,NA,NA,NA,NA,NA,NA,NA,NA,NA,NA,NA,NA,NA,NA,NA,NA,NA,NA,NA,NA,NA,NA,NA,NA,NA,NA,NA,NA,NA,NA,NA,NA,NA,NA,NA,NA
neon,neon,MAYF,1436.21156518419,1394.0422002469568,NA,NA,NA,NA,10.926301904387019,119.55080837685519,71.650604248046875,180.07476806640625,180.00102940221402,NA,NA,NA,NA,NA,NA,NA,NA,NA,NA,NA,NA,NA,NA,NA,NA,NA,NA,NA,NA,NA,NA,NA,NA,NA,NA,NA,NA,NA,NA,NA,NA,NA,NA,NA,NA,NA,NA,NA,NA
neon,neon,WALK,108.996108174732,1403.705600591947,NA,NA,NA,NA,11.953166746166803,315.58431026311877,262.8395690917969,358.5019836425781,181.6034306685922,NA,NA,NA,NA,NA,NA,NA,NA,NA,NA,NA,NA,NA,NA,NA,NA,NA,NA,NA,NA,NA,NA,NA,NA,NA,NA,NA,NA,NA,NA,NA,NA,NA,NA,NA,NA,NA,NA,NA,NA
neon,neon,LECO,912.099386545824,1928.098849625679,NA,NA,NA,NA,24.14658940817263,1097.1839788498278,538.08978271484375,1996.3858642578125,208.43569727525056,NA,NA,NA,NA,NA,NA,NA,NA,NA,NA,NA,NA,NA,NA,NA,NA,NA,NA,NA,NA,NA,NA,NA,NA,NA,NA,NA,NA,NA,NA,NA,NA,NA,NA,NA,NA,NA,NA,NA,NA
lter,konza,N04D,126.444670122611,878.4843254250911,12.270628118379518,308.94117647058823,8576.025088476517,3459.5236697809414,7.906420316635056,406.6976385698076,362.4671936035156,435.83154296875,182.84319911994956,27.76,0,0,0,0,0,0,0,2.8,0,0,0,0,97.2,0,0,0,0,0,0,0,1.61,6.37,50.29,43.35,7.27,1,NA,3,34.05,84.42,1.55,0.01,0.56,1.96,0.04,0.49,0.34,0.37,21.53
lter,konza,N20B,200.667192650518,878.4843254250911,12.270628118379518,308.52941176470586,8660.306056396945,3424.38983326194,7.219068382359533,409.4180714872827,371.70196533203125,441.852294921875,197.94541811559213,27.29,0,0,0,0,0,0,0,1.5,0,0,0,0,98.5,0,0,0,0,0,0,0,1.6,6.31,49.69,44.01,7.25,1,NA,3,34.05,84.42,1.55,0.01,0.56,1.96,0.04,0.49,0.34,0.37,21.53
lter,konza,N01B,120.355803466656,878.4843254250911,12.270628118379518,308.29411764705884,8607.98428785299,3449.242895738075,7.608863872905563,411.90600646024336,370.36688232421875,440.6138916015625,189.0017066509983,27.36,0,0,0,0,0,0,0,2.9,0,0,0,0,97.1,0,0,0,0,0,0,0,1.56,6.31,50.36,43.34,7.24,1,NA,3,34.05,84.42,1.55,0.01,0.56,1.96,0.04,0.49,0.34,0.37,21.53
lter,konza,N02B,95.6294790693302,878.4843254250911,12.270628118379518,309.88235294117646,8648.666618491894,3433.3227316510806,8.37737654257959,402.3480687580124,357.24554443359375,435.2691955566406,168.49405850097276,28.14,0,0,0,0,0,0,0,8,0,0,0,0,92,0,0,0,0,0,0,0,1.63,6.4,50.59,43.01,7.32,1,NA,3,34.05,84.42,1.55,0.01,0.56,1.96,0.04,0.49,0.34,0.37,21.53
lter,baltimore,GFCP,16317.4478798723,NA,NA,NA,NA,NA,1.1738730220523546,139.93241330502477,11,226,150.53118423766392,NA,NA,NA,NA,NA,NA,NA,NA,NA,NA,NA,NA,NA,NA,NA,NA,NA,NA,NA,NA,NA,NA,NA,NA,NA,NA,NA,NA,NA,NA,NA,NA,NA,NA,NA,NA,NA,NA,NA,NA
lter,baltimore,GFGB,1052.8233507751,NA,NA,NA,NA,NA,3.72109066990563,199.66999681696203,162.64564514160156,231.1359100341797,172.47548707783682,NA,NA,NA,NA,NA,NA,NA,NA,NA,NA,NA,NA,NA,NA,NA,NA,NA,NA,NA,NA,NA,NA,NA,NA,NA,NA,NA,NA,NA,NA,NA,NA,NA,NA,NA,NA,NA,NA,NA,NA
lter,baltimore,GFGL,85.4460652722415,NA,NA,NA,NA,NA,2.4405576683607664,208.3620070388466,196.1512908935547,223.6710968017578,139.9354587903369,NA,NA,NA,NA,NA,NA,NA,NA,NA,NA,NA,NA,NA,NA,NA,NA,NA,NA,NA,NA,NA,NA,NA,NA,NA,NA,NA,NA,NA,NA,NA,NA,NA,NA,NA,NA,NA,NA,NA,NA
lter,baltimore,GFVN,8295.10280539088,NA,NA,NA,NA,NA,1.1326023206601803,172.07858136300416,118,226,143.58823248913956,NA,NA,NA,NA,NA,NA,NA,NA,NA,NA,NA,NA,NA,NA,NA,NA,NA,NA,NA,NA,NA,NA,NA,NA,NA,NA,NA,NA,NA,NA,NA,NA,NA,NA,NA,NA,NA,NA,NA,NA
lter,baltimore,POBR,35.797559317245,NA,NA,NA,NA,NA,5.798913892557151,171.39681704352884,135.57864379882812,193.3699493408203,171.8860529758603,NA,NA,NA,NA,NA,NA,NA,NA,NA,NA,NA,NA,NA,NA,NA,NA,NA,NA,NA,NA,NA,NA,NA,NA,NA,NA,NA,NA,NA,NA,NA,NA,NA,NA,NA,NA,NA,NA,NA,NA
lter,baltimore,DRKR,1411.38315698687,NA,NA,NA,NA,NA,3.422929548742839,130.43396888282754,92.347900390625,168.29908752441406,172.0126854327016,NA,NA,NA,NA,NA,NA,NA,NA,NA,NA,NA,NA,NA,NA,NA,NA,NA,NA,NA,NA,NA,NA,NA,NA,NA,NA,NA,NA,NA,NA,NA,NA,NA,NA,NA,NA,NA,NA,NA,NA
lter,baltimore,BARN,382.395121551206,NA,NA,NA,NA,NA,7.422804767586167,169.91603462121995,100.6184310913086,206.9403533935547,168.6919924924202,NA,NA,NA,NA,NA,NA,NA,NA,NA,NA,NA,NA,NA,NA,NA,NA,NA,NA,NA,NA,NA,NA,NA,NA,NA,NA,NA,NA,NA,NA,NA,NA,NA,NA,NA,NA,NA,NA,NA,NA
lter,baltimore,MCDN,5.61447168170114,NA,NA,NA,NA,NA,4.064744399348262,145.27296330319757,135.03179931640625,154.3245086669922,121.23033949085594,NA,NA,NA,NA,NA,NA,NA,NA,NA,NA,NA,NA,NA,NA,NA,NA,NA,NA,NA,NA,NA,NA,NA,NA,NA,NA,NA,NA,NA,NA,NA,NA,NA,NA,NA,NA,NA,NA,NA,NA
lter,baltimore,MAWI,1205.19878087931,NA,NA,NA,NA,NA,4.265013382343385,88.68786491489614,18.65073013305664,161.50811767578125,160.44662270962502,NA,NA,NA,NA,NA,NA,NA,NA,NA,NA,NA,NA,NA,NA,NA,NA,NA,NA,NA,NA,NA,NA,NA,NA,NA,NA,NA,NA,NA,NA,NA,NA,NA,NA,NA,NA,NA,NA,NA,NA
lter,niwot,ALBION,715.106665095472,1024.5161742662954,0.35539916843779096,NA,NA,NA,20.318530442687045,3578.2819298236027,3246.922119140625,4043.858154296875,146.69170263012995,NA,NA,NA,NA,NA,NA,NA,NA,NA,NA,NA,NA,NA,NA,NA,NA,NA,NA,NA,NA,NA,NA,NA,NA,NA,NA,NA,NA,NA,NA,NA,NA,NA,NA,NA,NA,NA,NA,NA,NA
lter,niwot,GREEN4,228.789002038879,1024.6900998513768,0.49189126580802733,NA,NA,NA,20.21556503415355,3636.2298907141467,3542.715576171875,3744.59814453125,176.1010017412827,NA,NA,NA,NA,NA,NA,NA,NA,NA,NA,NA,NA,NA,NA,NA,NA,NA,NA,NA,NA,NA,NA,NA,NA,NA,NA,NA,NA,NA,NA,NA,NA,NA,NA,NA,NA,NA,NA,NA,NA
lter,niwot,GREEN5,141.941478363502,1182.7952249547932,-1.4607568332706877,NA,NA,NA,27.152985275642767,3778.447017314642,3614.71533203125,4049.33642578125,177.86069610602743,NA,NA,NA,NA,NA,NA,NA,NA,NA,NA,NA,NA,NA,NA,NA,NA,NA,NA,NA,NA,NA,NA,NA,NA,NA,NA,NA,NA,NA,NA,NA,NA,NA,NA,NA,NA,NA,NA,NA,NA
lter,niwot,MARTINELLI,16.1700422112186,1024.5161742662954,0.35539916843779096,NA,NA,NA,15.743722226382012,3504.3785582951136,3375.68896484375,3615.320068359375,173.48857923916407,NA,NA,NA,NA,NA,NA,NA,NA,NA,NA,NA,NA,NA,NA,NA,NA,NA,NA,NA,NA,NA,NA,NA,NA,NA,NA,NA,NA,NA,NA,NA,NA,NA,NA,NA,NA,NA,NA,NA,NA
lter,niwot,NAVAJO,47.4239427601218,1182.7952249547932,-1.4607568332706877,NA,NA,NA,25.138612459019427,3840.9354190789186,3718.165771484375,4045.734130859375,159.24780416253176,NA,NA,NA,NA,NA,NA,NA,NA,NA,NA,NA,NA,NA,NA,NA,NA,NA,NA,NA,NA,NA,NA,NA,NA,NA,NA,NA,NA,NA,NA,NA,NA,NA,NA,NA,NA,NA,NA,NA,NA
lter,niwot,SADDLE,19.9508915072608,1024.5161742662954,0.35539916843779096,NA,NA,NA,7.87940214358313,3489.0040120260473,3390.1943359375,3547.539306640625,186.2916252590087,NA,NA,NA,NA,NA,NA,NA,NA,NA,NA,NA,NA,NA,NA,NA,NA,NA,NA,NA,NA,NA,NA,NA,NA,NA,NA,NA,NA,NA,NA,NA,NA,NA,NA,NA,NA,NA,NA,NA,NA
lter,santa_barbara,AB00,2306.25676308631,547.1483242969698,15.917928346868797,179.35294117647058,15777.27836548793,9368.808784976669,16.809224433127152,304.58587049614067,3.874279737472534,1210.4781494140625,192.1451098461083,15.54,0,0,17.7,14.2,4.6,0.4,0,0,6.8,6.6,0,48.4,1.1,0,0,0,0.1,0,0.1,0,1.59,44.25,29.61,26.14,6.68,3.19,NA,8.16,5.32,60.31,7.78,28.3,1.69,2.05,0.26,0.64,0.14,0.85,54.74
lter,santa_barbara,AT07,1426.15715254228,476.7281505731342,15.656837204275075,NA,13817.374186581148,7679.169735720675,7.321145293989475,26.596580651951015,12.617191314697266,81.01863861083984,282.17783980994926,15,0,0,31.5,40,9.1,0,0,0,7.9,5.5,0,6.1,0,0,0,0,0,0,0,0,1.76,45.92,28.04,26.04,7.46,7.78,NA,10,1.58,2.23,26.12,127.83,1.68,0.94,0.83,0.85,0.13,0.11,34.97
lter,santa_barbara,BC02,1472.25385475115,529.3446004169266,15.535235245163387,197.47058823529412,18240.581634967177,10852.921480444265,19.418763616605773,298.44722392068235,14.808363914489746,940.56402587890625,190.6009989763581,19.54,0.2,0,3.3,1.7,0.6,0,0,0,6.3,4.6,0,71.5,2.2,0,0,0,0.9,8.6,0,0,1.54,43.51,31.81,24.68,6.5,1.04,NA,7.65,6.2,77.74,3.1,3.13,1.66,2.22,0.11,0.61,0.14,1.13,60.37
lter,santa_barbara,DV01,832.785974946234,467.118699849039,14.301108668547778,178.52941176470588,10813.761316157419,6239.358246329473,3.24238239305877,30.104157430479457,2.3167171478271484,166.8697509765625,159.52050186020423,18.01,0,0,13.8,22.6,30.3,2,0,0,1.6,0.1,0,16.4,5.6,0,0,0,2.3,4.3,0.1,1,NA,NA,NA,NA,NA,17.27,NA,9.15,4.23,14.47,21.79,104.41,1.66,1.82,0.68,0.76,0.13,0.33,36
lter,santa_barbara,GV01,4967.96841653545,569.2071508835506,15.871362123229527,181.8235294117647,11874.440338248474,6179.438480952173,16.709574171625775,296.4245717732819,21,852,185.96528230721262,28.79,0,0,1.9,0.5,0,0,0,0,21.5,7.5,0,38.4,30,0,0,0,0,0,0,0.1,1.83,40.02,33.48,26.51,6.64,1.42,NA,6.73,10.29,71.99,2.68,0.18,1.62,3.98,0.1,0.48,0.14,0.92,51.03
lter,santa_barbara,HO00,1113.04704168569,660.3839261460816,16.523136343827495,196.41176470588235,16724.685892541824,8094.377568095027,23.43910381042071,436.26086496142597,7.36779260635376,861.89990234375,167.49970479058373,28,0.1,0,0.9,0.1,0,0,0,0,18.2,26.1,0,52.1,2.4,0,0,0,0,0,0.1,0,1.1,49.16,33.34,17.5,5.55,0.97,NA,7.47,5.78,77.18,2.61,0.18,1.58,2.25,0.15,0.55,0.17,0.9,60.57
lter,santa_barbara,MC00,3063.4035395252,564.4668244850036,16.30207595946319,185.76470588235293,16405.56053330655,9561.244275257894,14.668944781880585,373.01602831834987,6,1213,188.4932572341075,15.92,0.2,0,18.2,15.4,10.8,0.4,0,0,7.8,7.2,0,39.1,0.6,0,0,0,0,0,0,0,1.31,49.75,28.32,21.93,6.24,2.69,NA,8.63,3.46,51.91,10.9,45.29,1.66,1.4,0.37,0.69,0.15,0.71,53.84
lter,santa_barbara,MC06,1674.42356319958,583.0770250790199,16.656543637942352,188.64705882352942,16525.748706731276,9538.341016502409,22.88742242969863,613.4775123878658,93.71812438964844,1212.970703125,193.5574757540646,17.01,0,0,13.2,0.5,0.1,0,0,0,10.9,10.7,0,63.8,0.8,0,0,0,0,0,0,0,1.15,48.44,31.85,19.71,5.71,0.88,NA,7.92,3.85,75.35,4.33,10.14,1.59,1.34,0.2,0.63,0.17,1.03,63.01
lter,santa_barbara,ON02,400.646809219927,518.9553746899998,15.392769978641706,185.52941176470588,11672.599722717077,6524.531233976212,20.16016292298822,191.71310495214723,7.923527240753174,457.27252197265625,191.40909507813717,30.19,0,0,1.4,0,0,0,0,0,8.4,9.4,0,65.8,14.8,0,0,0,0,0,0.2,0,1.58,40.23,34.09,25.68,6.85,1.99,NA,6.45,11.4,70.4,2.68,0.18,1.61,4.41,0.09,0.45,0.14,0.91,48.53
lter,santa_barbara,RG01,2072.87888099768,571.226000685239,15.241996633624842,197.1764705882353,14463.298345567116,6860.586457121396,17.676044806461856,346.5597579243003,12.39482307434082,1002.98388671875,178.62064875961445,27.23,0,0,3,0.2,0,0,0,0,11.2,12.6,0,34.8,31.2,0,0,0,0.1,6.6,0.1,0,1.27,46.49,32.46,21.05,6.17,1.6,NA,6.77,9.12,74.43,2.57,0.18,1.59,3.39,0.12,0.5,0.15,1.03,54.02
lter,santa_barbara,RS02,553.36493667466,583.5269003586349,16.7758473688443,195.2941176470588,16654.087902686162,9479.460463756348,25.07967002771885,755.1422384639399,259.654052734375,1160.180908203125,190.10792916884603,17.41,0,0,7.1,0.1,0,0,0,0,11.9,16,0,64.3,0.5,0,0,0,0,0,0.1,0,1.02,50.52,33.4,16.08,5.35,0.65,NA,7.59,3.98,80.49,2.49,0.18,1.53,1.4,0.17,0.58,0.18,1.01,64.91
lter,santa_barbara,SP02,799.968272757155,534.3954501522909,15.545267587764078,195.11764705882354,15158.49040611878,7495.927577694808,18.737223611619502,372.2741458295268,18.074357986450195,874.70025634765625,168.3448632956479,18.53,0,0,3.1,1,0.3,0,0,0,6.3,4.5,0,77,2.7,0,0,0,0.1,4.7,0.2,0,1.46,44.62,33.14,22.24,6.09,1.05,NA,7.75,4.87,79.96,2.96,2.74,1.62,1.63,0.13,0.63,0.16,1.17,63.46
lter,santa_barbara,FK00,702.756228575375,530.3752751282184,16.553518791291534,203.47058823529412,14492.851501817051,6691.039293704763,13.067085102285452,144.4774798846676,9.197072982788086,524.28485107421875,193.35470249279285,28.71,0,0,5,10.6,9.5,1.1,0,0,10,16,0,40.8,3.3,0,0,0,1,2.6,0,0,1.67,44.94,29.36,25.7,7.23,2.97,NA,8.9,2.87,53.54,11.42,48.41,1.69,1.03,0.37,0.75,0.14,0.86,55.31
lter,santa_barbara,TE03,113.96147509274,464.11377570952175,14.932412607538744,NA,8163.672748447205,4951.428571428572,1.0261153876922953,5.8510997198576185,2.364438056945801,11.925664901733398,152.4103163420497,17,0,0,8.2,30.9,26.8,3.1,0,0,0,0,0,7.2,2.1,0,0,0,15.5,0,0,6.2,NA,NA,NA,NA,NA,33.69,NA,10,1.58,2.23,26.12,127.83,1.68,0.94,0.83,0.85,0.13,0.11,34.97
lter,santa_barbara,SM04,929.187344913418,542.4737491815467,16.460169062800944,189.64705882352942,17631.995508816417,9949.379471754632,24.857641217969732,527.9597266755779,58.39057922363281,1176.119140625,191.99431561449316,28.79,0.1,0,0.8,0.1,0,0,0,0,25.5,48.7,0,23.2,1.5,0,0,0,0,0,0,0,1.59,43.76,32.89,23.35,6.33,0.93,NA,8.01,3.76,82.7,2.63,0.94,1.64,1.2,0.12,0.65,0.16,1.2,66.49
lter,santa_barbara,CP00,3871.33507690805,562.7331258448569,16.864214527019083,209.05882352941177,16827.783371760823,9448.852130044663,21.686643028459986,512.2538162461185,12,1415,191.61272865330685,30.75,0,0,2.2,0.8,0.7,0,0,0,30.1,31.2,0,20.6,6.6,0,0,0,0.4,7.2,0.1,0,1.68,45.23,31.61,23.16,6.55,1.77,NA,8.42,3.33,67.66,7.09,25.02,1.66,1.13,0.25,0.7,0.15,1.01,60.66
lter,santa_barbara,SM01,959.737184416204,542.4737491815467,16.460169062800944,191.1764705882353,17687.617229237676,9978.348407772757,24.028425502600363,501.18871261431485,10.750747680664062,1178.6204833984375,191.83276592277565,28.72,0.1,0,1.5,1.7,0.8,0.1,0,0,24.5,46.5,0,22.8,1.4,0,0,0,0.6,0.1,0,0.1,1.57,45.03,32.11,22.85,6.37,1.1,NA,8.1,3.66,79.19,3.66,6.54,1.64,1.19,0.15,0.66,0.16,1.16,65.12
lter,santa_barbara,RN01,3812.03643069851,616.8304001773067,16.781065932564353,212.8235294117647,15697.576986257342,9030.84186719338,20.601659107539415,462.1393877632049,8,1464,197.8179078372115,32.87,0,0,2.6,0.3,0.1,0,0,0,30.7,25.8,0,26.5,10.8,0,0,0,0.4,3,0,0,1.07,40.57,31.97,27.45,6.99,1.18,NA,8.27,4.41,72.82,5.41,15.89,1.7,1.48,0.17,0.69,0.14,1.15,61.37
lter,bonanza,C2,516.252735472744,NA,NA,NA,NA,NA,11.287087337746339,593.7853213908078,346.435302734375,750.87548828125,192.27457677631887,NA,0,0,0,0,0,0,0,34,42.9,22.3,0,0.5,0,0,0,0,0,0,0.4,0,NA,NA,NA,NA,NA,0.99,NA,NA,NA,NA,NA,NA,NA,NA,NA,NA,NA,NA,NA
lter,bonanza,C3,527.453940325682,NA,NA,NA,NA,NA,11.795438352460259,539.3099767541827,313.20257568359375,778.1783447265625,158.83656843674785,NA,0,0,0,0,0,0,0,0.9,63.6,20.5,0,4.8,0,0,0,0,0,0,10.2,0,NA,NA,NA,NA,NA,0.63,NA,NA,NA,NA,NA,NA,NA,NA,NA,NA,NA,NA,NA
lter,bonanza,C4,936.068302729278,NA,NA,NA,NA,NA,11.236073596951895,539.8285246702633,263.61065673828125,783.7481689453125,155.21594581552378,NA,0.1,0,0,0,0,0,2.4,45,19.4,7,1,23.7,0,0,0,0,0,0,1.6,0,NA,NA,NA,NA,NA,0.72,NA,NA,NA,NA,NA,NA,NA,NA,NA,NA,NA,NA,NA
lter,mcmurdo,bohner_b5,105.085426998562,NA,NA,NA,NA,NA,NA,NA,NA,NA,NA,NA,NA,NA,NA,NA,NA,NA,NA,NA,NA,NA,NA,NA,NA,NA,NA,NA,NA,NA,NA,NA,NA,NA,NA,NA,NA,NA,NA,NA,NA,NA,NA,NA,NA,NA,NA,NA,NA,NA,NA
lter,mcmurdo,adams_weir,9.87685015353471,NA,NA,NA,NA,NA,NA,NA,NA,NA,NA,NA,NA,NA,NA,NA,NA,NA,NA,NA,NA,NA,NA,NA,NA,NA,NA,NA,NA,NA,NA,NA,NA,NA,NA,NA,NA,NA,NA,NA,NA,NA,NA,NA,NA,NA,NA,NA,NA,NA,NA
lter,mcmurdo,aiken_f5,NA,NA,NA,NA,NA,NA,NA,NA,NA,NA,NA,NA,NA,NA,NA,NA,NA,NA,NA,NA,NA,NA,NA,NA,NA,NA,NA,NA,NA,NA,NA,NA,NA,NA,NA,NA,NA,NA,NA,NA,NA,NA,NA,NA,NA,NA,NA,NA,NA,NA,NA
lter,mcmurdo,anderson_h1,160.091132353237,NA,NA,NA,NA,NA,NA,NA,NA,NA,NA,NA,NA,NA,NA,NA,NA,NA,NA,NA,NA,NA,NA,NA,NA,NA,NA,NA,NA,NA,NA,NA,NA,NA,NA,NA,NA,NA,NA,NA,NA,NA,NA,NA,NA,NA,NA,NA,NA,NA,NA
lter,mcmurdo,canada_f1,NA,NA,NA,NA,NA,NA,NA,NA,NA,NA,NA,NA,NA,NA,NA,NA,NA,NA,NA,NA,NA,NA,NA,NA,NA,NA,NA,NA,NA,NA,NA,NA,NA,NA,NA,NA,NA,NA,NA,NA,NA,NA,NA,NA,NA,NA,NA,NA,NA,NA,NA
lter,mcmurdo,common_c1,NA,NA,NA,NA,NA,NA,NA,NA,NA,NA,NA,NA,NA,NA,NA,NA,NA,NA,NA,NA,NA,NA,NA,NA,NA,NA,NA,NA,NA,NA,NA,NA,NA,NA,NA,NA,NA,NA,NA,NA,NA,NA,NA,NA,NA,NA,NA,NA,NA,NA,NA
lter,mcmurdo,crescent_f8,NA,NA,NA,NA,NA,NA,NA,NA,NA,NA,NA,NA,NA,NA,NA,NA,NA,NA,NA,NA,NA,NA,NA,NA,NA,NA,NA,NA,NA,NA,NA,NA,NA,NA,NA,NA,NA,NA,NA,NA,NA,NA,NA,NA,NA,NA,NA,NA,NA,NA,NA
lter,mcmurdo,delta_f10,NA,NA,NA,NA,NA,NA,NA,NA,NA,NA,NA,NA,NA,NA,NA,NA,NA,NA,NA,NA,NA,NA,NA,NA,NA,NA,NA,NA,NA,NA,NA,NA,NA,NA,NA,NA,NA,NA,NA,NA,NA,NA,NA,NA,NA,NA,NA,NA,NA,NA,NA
lter,mcmurdo,green_f9,NA,NA,NA,NA,NA,NA,NA,NA,NA,NA,NA,NA,NA,NA,NA,NA,NA,NA,NA,NA,NA,NA,NA,NA,NA,NA,NA,NA,NA,NA,NA,NA,NA,NA,NA,NA,NA,NA,NA,NA,NA,NA,NA,NA,NA,NA,NA,NA,NA,NA,NA
lter,mcmurdo,harnish_f11,NA,NA,NA,NA,NA,NA,NA,NA,NA,NA,NA,NA,NA,NA,NA,NA,NA,NA,NA,NA,NA,NA,NA,NA,NA,NA,NA,NA,NA,NA,NA,NA,NA,NA,NA,NA,NA,NA,NA,NA,NA,NA,NA,NA,NA,NA,NA,NA,NA,NA,NA
lter,mcmurdo,harnish_f7,NA,NA,NA,NA,NA,NA,NA,NA,NA,NA,NA,NA,NA,NA,NA,NA,NA,NA,NA,NA,NA,NA,NA,NA,NA,NA,NA,NA,NA,NA,NA,NA,NA,NA,NA,NA,NA,NA,NA,NA,NA,NA,NA,NA,NA,NA,NA,NA,NA,NA,NA
lter,mcmurdo,lostseal_f3,NA,NA,NA,NA,NA,NA,NA,NA,NA,NA,NA,NA,NA,NA,NA,NA,NA,NA,NA,NA,NA,NA,NA,NA,NA,NA,NA,NA,NA,NA,NA,NA,NA,NA,NA,NA,NA,NA,NA,NA,NA,NA,NA,NA,NA,NA,NA,NA,NA,NA,NA
lter,mcmurdo,onyx_vnda,NA,NA,NA,NA,NA,NA,NA,NA,NA,NA,NA,NA,NA,NA,NA,NA,NA,NA,NA,NA,NA,NA,NA,NA,NA,NA,NA,NA,NA,NA,NA,NA,NA,NA,NA,NA,NA,NA,NA,NA,NA,NA,NA,NA,NA,NA,NA,NA,NA,NA,NA
lter,mcmurdo,onyx_lwright,NA,NA,NA,NA,NA,NA,NA,NA,NA,NA,NA,NA,NA,NA,NA,NA,NA,NA,NA,NA,NA,NA,NA,NA,NA,NA,NA,NA,NA,NA,NA,NA,NA,NA,NA,NA,NA,NA,NA,NA,NA,NA,NA,NA,NA,NA,NA,NA,NA,NA,NA
lter,mcmurdo,vguerard_f6,NA,NA,NA,NA,NA,NA,NA,NA,NA,NA,NA,NA,NA,NA,NA,NA,NA,NA,NA,NA,NA,NA,NA,NA,NA,NA,NA,NA,NA,NA,NA,NA,NA,NA,NA,NA,NA,NA,NA,NA,NA,NA,NA,NA,NA,NA,NA,NA,NA,NA,NA
lter,mcmurdo,house_h2,NA,NA,NA,NA,NA,NA,NA,NA,NA,NA,NA,NA,NA,NA,NA,NA,NA,NA,NA,NA,NA,NA,NA,NA,NA,NA,NA,NA,NA,NA,NA,NA,NA,NA,NA,NA,NA,NA,NA,NA,NA,NA,NA,NA,NA,NA,NA,NA,NA,NA,NA
lter,mcmurdo,huey_f2,NA,NA,NA,NA,NA,NA,NA,NA,NA,NA,NA,NA,NA,NA,NA,NA,NA,NA,NA,NA,NA,NA,NA,NA,NA,NA,NA,NA,NA,NA,NA,NA,NA,NA,NA,NA,NA,NA,NA,NA,NA,NA,NA,NA,NA,NA,NA,NA,NA,NA,NA
lter,mcmurdo,santafe_b2,NA,NA,NA,NA,NA,NA,NA,NA,NA,NA,NA,NA,NA,NA,NA,NA,NA,NA,NA,NA,NA,NA,NA,NA,NA,NA,NA,NA,NA,NA,NA,NA,NA,NA,NA,NA,NA,NA,NA,NA,NA,NA,NA,NA,NA,NA,NA,NA,NA,NA,NA
lter,mcmurdo,priscu_b1,NA,NA,NA,NA,NA,NA,NA,NA,NA,NA,NA,NA,NA,NA,NA,NA,NA,NA,NA,NA,NA,NA,NA,NA,NA,NA,NA,NA,NA,NA,NA,NA,NA,NA,NA,NA,NA,NA,NA,NA,NA,NA,NA,NA,NA,NA,NA,NA,NA,NA,NA
lter,mcmurdo,lawson_b3,NA,NA,NA,NA,NA,NA,NA,NA,NA,NA,NA,NA,NA,NA,NA,NA,NA,NA,NA,NA,NA,NA,NA,NA,NA,NA,NA,NA,NA,NA,NA,NA,NA,NA,NA,NA,NA,NA,NA,NA,NA,NA,NA,NA,NA,NA,NA,NA,NA,NA,NA
lter,plum,cart_creek,473.859999666422,NA,NA,NA,NA,NA,NA,NA,NA,NA,NA,NA,NA,NA,NA,NA,NA,NA,NA,NA,NA,NA,NA,NA,NA,NA,NA,NA,NA,NA,NA,NA,NA,NA,NA,NA,NA,NA,NA,NA,NA,NA,NA,NA,NA,NA,NA,NA,NA,NA,NA
lter,plum,saw_mill_brook,343.853292017754,1220.088825839429,9.787420835634311,NA,NA,NA,2.1126544228600315,46.236349919353614,32.781578063964844,69.32530975341797,172.83108156408042,NA,NA,NA,NA,NA,NA,NA,NA,NA,NA,NA,NA,NA,NA,NA,NA,NA,NA,NA,NA,NA,NA,NA,NA,NA,NA,NA,NA,NA,NA,NA,NA,NA,NA,NA,NA,NA,NA,NA,NA
lter,plum,bear_meadow,319.286987998334,1231.178300409377,9.98464031688821,NA,NA,NA,1.976506420033483,28.220760645163516,22.18573760986328,61.35094451904297,165.13679812364384,NA,NA,NA,NA,NA,NA,NA,NA,NA,NA,NA,NA,NA,NA,NA,NA,NA,NA,NA,NA,NA,NA,NA,NA,NA,NA,NA,NA,NA,NA,NA,NA,NA,NA,NA,NA,NA,NA,NA,NA
lter,plum,upper_ipswich,4583.83374417321,1236.4906502509607,9.935167279293996,NA,NA,NA,1.8271151401417303,32.373906136406475,20,82,213.27356480131834,NA,NA,NA,NA,NA,NA,NA,NA,NA,NA,NA,NA,NA,NA,NA,NA,NA,NA,NA,NA,NA,NA,NA,NA,NA,NA,NA,NA,NA,NA,NA,NA,NA,NA,NA,NA,NA,NA,NA,NA
lter,arctic,Kuparuk_River_-0.1,11571.5579875445,NA,NA,NA,NA,NA,3.953655350193791,989.644533869886,740,1455,169.57593409076964,NA,NA,NA,NA,NA,NA,NA,NA,NA,NA,NA,NA,NA,NA,NA,NA,NA,NA,NA,NA,NA,NA,NA,NA,NA,NA,NA,NA,NA,NA,NA,NA,NA,NA,NA,NA,NA,NA,NA,NA
lter,arctic,Kuparuk_River_-0.177,11317.4891925631,NA,NA,NA,NA,NA,3.714408117291413,783.527230278786,751.322998046875,821.37371826171875,88.3604775234603,NA,NA,NA,NA,NA,NA,NA,NA,NA,NA,NA,NA,NA,NA,NA,NA,NA,NA,NA,NA,NA,NA,NA,NA,NA,NA,NA,NA,NA,NA,NA,NA,NA,NA,NA,NA,NA,NA,NA,NA
lter,arctic,Kuparuk_River_-0.3,11294.3138666927,NA,NA,NA,NA,NA,3.9905530004480254,993.0192668371697,744,1455,168.52769864892613,NA,NA,NA,NA,NA,NA,NA,NA,NA,NA,NA,NA,NA,NA,NA,NA,NA,NA,NA,NA,NA,NA,NA,NA,NA,NA,NA,NA,NA,NA,NA,NA,NA,NA,NA,NA,NA,NA,NA,NA
lter,arctic,Kuparuk_River_-0.47,13062.5558043597,NA,NA,NA,NA,NA,3.991936105173603,993.5927887901572,746,1455,168.4528021514594,NA,NA,NA,NA,NA,NA,NA,NA,NA,NA,NA,NA,NA,NA,NA,NA,NA,NA,NA,NA,NA,NA,NA,NA,NA,NA,NA,NA,NA,NA,NA,NA,NA,NA,NA,NA,NA,NA,NA,NA
lter,arctic,Kuparuk_River_-0.7,12953.1973768699,NA,NA,NA,NA,NA,3.9979795375607203,994.4132784354092,748,1455,168.79999060241155,NA,NA,NA,NA,NA,NA,NA,NA,NA,NA,NA,NA,NA,NA,NA,NA,NA,NA,NA,NA,NA,NA,NA,NA,NA,NA,NA,NA,NA,NA,NA,NA,NA,NA,NA,NA,NA,NA,NA,NA
lter,arctic,Kuparuk_River_0,11571.5579875447,NA,NA,NA,NA,NA,3.953655350193791,989.644533869886,740,1455,169.57593409076964,NA,NA,NA,NA,NA,NA,NA,NA,NA,NA,NA,NA,NA,NA,NA,NA,NA,NA,NA,NA,NA,NA,NA,NA,NA,NA,NA,NA,NA,NA,NA,NA,NA,NA,NA,NA,NA,NA,NA,NA
lter,arctic,Kuparuk_River_0.3,13198.2075717951,NA,NA,NA,NA,NA,3.894532589148319,780.0263370631758,746.6297607421875,827.637451171875,69.00944607822247,NA,NA,NA,NA,NA,NA,NA,NA,NA,NA,NA,NA,NA,NA,NA,NA,NA,NA,NA,NA,NA,NA,NA,NA,NA,NA,NA,NA,NA,NA,NA,NA,NA,NA,NA,NA,NA,NA,NA,NA
lter,arctic,Kuparuk_River_0.56,11484.6061832042,NA,NA,NA,NA,NA,NA,NA,NA,NA,NA,NA,NA,NA,NA,NA,NA,NA,NA,NA,NA,NA,NA,NA,NA,NA,NA,NA,NA,NA,NA,NA,NA,NA,NA,NA,NA,NA,NA,NA,NA,NA,NA,NA,NA,NA,NA,NA,NA,NA,NA
lter,arctic,Kuparuk_River_0.74,13197.5957351979,NA,NA,NA,NA,NA,1.3014837158455823,746.641676221575,745.83349609375,747.11444091796875,192.13267486493126,NA,NA,NA,NA,NA,NA,NA,NA,NA,NA,NA,NA,NA,NA,NA,NA,NA,NA,NA,NA,NA,NA,NA,NA,NA,NA,NA,NA,NA,NA,NA,NA,NA,NA,NA,NA,NA,NA,NA,NA
lter,arctic,Kuparuk_River_1,13270.370050384,NA,NA,NA,NA,NA,3.5926023916613143,795.9541062526843,743.71624755859375,828.76739501953125,138.5936427963459,NA,NA,NA,NA,NA,NA,NA,NA,NA,NA,NA,NA,NA,NA,NA,NA,NA,NA,NA,NA,NA,NA,NA,NA,NA,NA,NA,NA,NA,NA,NA,NA,NA,NA,NA,NA,NA,NA,NA,NA
lter,arctic,Kuparuk_River_1.39,14504.249569257,NA,NA,NA,NA,NA,3.920234501382262,774.262955532774,742.15728759765625,815.96234130859375,87.12000891189057,NA,NA,NA,NA,NA,NA,NA,NA,NA,NA,NA,NA,NA,NA,NA,NA,NA,NA,NA,NA,NA,NA,NA,NA,NA,NA,NA,NA,NA,NA,NA,NA,NA,NA,NA,NA,NA,NA,NA,NA
lter,arctic,Kuparuk_River_1.5,14084.4091464408,NA,NA,NA,NA,NA,3.0120235069594155,921.1278872469253,736.09124755859375,1085.411865234375,129.5745134096929,NA,NA,NA,NA,NA,NA,NA,NA,NA,NA,NA,NA,NA,NA,NA,NA,NA,NA,NA,NA,NA,NA,NA,NA,NA,NA,NA,NA,NA,NA,NA,NA,NA,NA,NA,NA,NA,NA,NA,NA
lter,arctic,Kuparuk_River_1.8,14490.6423784503,NA,NA,NA,NA,NA,5.135806378756975,748.1901609581637,738.42437744140625,760.09332275390625,89.28439242416341,NA,NA,NA,NA,NA,NA,NA,NA,NA,NA,NA,NA,NA,NA,NA,NA,NA,NA,NA,NA,NA,NA,NA,NA,NA,NA,NA,NA,NA,NA,NA,NA,NA,NA,NA,NA,NA,NA,NA,NA
lter,arctic,Kuparuk_River_2,14154.2615977865,NA,NA,NA,NA,NA,3.6211134167356,975.9807082816591,730,1455,153.47353131929071,NA,NA,NA,NA,NA,NA,NA,NA,NA,NA,NA,NA,NA,NA,NA,NA,NA,NA,NA,NA,NA,NA,NA,NA,NA,NA,NA,NA,NA,NA,NA,NA,NA,NA,NA,NA,NA,NA,NA,NA
lter,arctic,Kuparuk_River_2.5,14693.8176955571,NA,NA,NA,NA,NA,3.6217246216946672,976.0903074589825,730,1455,153.4760254887664,NA,NA,NA,NA,NA,NA,NA,NA,NA,NA,NA,NA,NA,NA,NA,NA,NA,NA,NA,NA,NA,NA,NA,NA,NA,NA,NA,NA,NA,NA,NA,NA,NA,NA,NA,NA,NA,NA,NA,NA
lter,arctic,Kuparuk_River_3,14452.0009725321,NA,NA,NA,NA,NA,3.72508563373829,766.1429839410733,731.59613037109375,795.14892578125,69.28522889052124,NA,NA,NA,NA,NA,NA,NA,NA,NA,NA,NA,NA,NA,NA,NA,NA,NA,NA,NA,NA,NA,NA,NA,NA,NA,NA,NA,NA,NA,NA,NA,NA,NA,NA,NA,NA,NA,NA,NA,NA
lter,arctic,Kuparuk_River_4,14832.2648309963,NA,NA,NA,NA,NA,3.6150004682661288,974.9336076817558,727,1455,153.31767941957597,NA,NA,NA,NA,NA,NA,NA,NA,NA,NA,NA,NA,NA,NA,NA,NA,NA,NA,NA,NA,NA,NA,NA,NA,NA,NA,NA,NA,NA,NA,NA,NA,NA,NA,NA,NA,NA,NA,NA,NA
lter,arctic,Kuparuk_River_4.1,14805.8942122044,NA,NA,NA,NA,NA,3.6123710079888762,974.5093099671413,724,1455,153.2503030221534,NA,NA,NA,NA,NA,NA,NA,NA,NA,NA,NA,NA,NA,NA,NA,NA,NA,NA,NA,NA,NA,NA,NA,NA,NA,NA,NA,NA,NA,NA,NA,NA,NA,NA,NA,NA,NA,NA,NA,NA
lter,arctic,Oksrukuyik_Creek_-0.1,7011.03469524265,NA,NA,NA,NA,NA,1.4240231390970046,873.422539489672,771,1119,157.68706097619503,NA,NA,NA,NA,NA,NA,NA,NA,NA,NA,NA,NA,NA,NA,NA,NA,NA,NA,NA,NA,NA,NA,NA,NA,NA,NA,NA,NA,NA,NA,NA,NA,NA,NA,NA,NA,NA,NA,NA,NA
lter,arctic,Oksrukuyik_Creek_-0.3,6120.84059163305,NA,NA,NA,NA,NA,1.412092089706151,874.142015503876,771,1119,157.47627296907956,NA,NA,NA,NA,NA,NA,NA,NA,NA,NA,NA,NA,NA,NA,NA,NA,NA,NA,NA,NA,NA,NA,NA,NA,NA,NA,NA,NA,NA,NA,NA,NA,NA,NA,NA,NA,NA,NA,NA,NA
lter,arctic,Oksrukuyik_Creek_-0.7,5888.11261939474,NA,NA,NA,NA,NA,1.4063491994652493,875.1673469387755,771,1119,157.60098829967447,NA,NA,NA,NA,NA,NA,NA,NA,NA,NA,NA,NA,NA,NA,NA,NA,NA,NA,NA,NA,NA,NA,NA,NA,NA,NA,NA,NA,NA,NA,NA,NA,NA,NA,NA,NA,NA,NA,NA,NA
lter,arctic,Oksrukuyik_Creek_-1.2,5790.80986698557,NA,NA,NA,NA,NA,1.3621004773370275,877.7983022071307,773,1119,153.83993714052065,NA,NA,NA,NA,NA,NA,NA,NA,NA,NA,NA,NA,NA,NA,NA,NA,NA,NA,NA,NA,NA,NA,NA,NA,NA,NA,NA,NA,NA,NA,NA,NA,NA,NA,NA,NA,NA,NA,NA,NA
lter,arctic,Oksrukuyik_Creek_0.23,6910.88417912511,NA,NA,NA,NA,NA,1.5578038845137394,872.8240793201134,770,1119,164.70127663406367,NA,NA,NA,NA,NA,NA,NA,NA,NA,NA,NA,NA,NA,NA,NA,NA,NA,NA,NA,NA,NA,NA,NA,NA,NA,NA,NA,NA,NA,NA,NA,NA,NA,NA,NA,NA,NA,NA,NA,NA
lter,arctic,Oksrukuyik_Creek_0.48,7125.10746086196,NA,NA,NA,NA,NA,1.5582237886984973,872.7958085528179,770,1119,164.68640985083087,NA,NA,NA,NA,NA,NA,NA,NA,NA,NA,NA,NA,NA,NA,NA,NA,NA,NA,NA,NA,NA,NA,NA,NA,NA,NA,NA,NA,NA,NA,NA,NA,NA,NA,NA,NA,NA,NA,NA,NA
lter,arctic,Oksrukuyik_Creek_1.06,7105.69294885649,NA,NA,NA,NA,NA,1.6273859157716215,873.1646706586827,763,1119,166.5673078704315,NA,NA,NA,NA,NA,NA,NA,NA,NA,NA,NA,NA,NA,NA,NA,NA,NA,NA,NA,NA,NA,NA,NA,NA,NA,NA,NA,NA,NA,NA,NA,NA,NA,NA,NA,NA,NA,NA,NA,NA
lter,arctic,Oksrukuyik_Creek_1.37,7094.08482816402,NA,NA,NA,NA,NA,1.6390099509092904,873.6426505390481,758,1119,167.6350646574592,NA,NA,NA,NA,NA,NA,NA,NA,NA,NA,NA,NA,NA,NA,NA,NA,NA,NA,NA,NA,NA,NA,NA,NA,NA,NA,NA,NA,NA,NA,NA,NA,NA,NA,NA,NA,NA,NA,NA,NA
lter,arctic,Oksrukuyik_Creek_1.7,7143.66443166122,NA,NA,NA,NA,NA,1.6409279680439752,873.1944081526,758,1119,167.79566084576987,NA,NA,NA,NA,NA,NA,NA,NA,NA,NA,NA,NA,NA,NA,NA,NA,NA,NA,NA,NA,NA,NA,NA,NA,NA,NA,NA,NA,NA,NA,NA,NA,NA,NA,NA,NA,NA,NA,NA,NA
lter,arctic,Oksrukuyik_Creek_2.5,7292.25832880853,NA,NA,NA,NA,NA,1.732579791342848,877.240038177046,754,1149,173.80223152269699,NA,NA,NA,NA,NA,NA,NA,NA,NA,NA,NA,NA,NA,NA,NA,NA,NA,NA,NA,NA,NA,NA,NA,NA,NA,NA,NA,NA,NA,NA,NA,NA,NA,NA,NA,NA,NA,NA,NA,NA
lter,arctic,Oksrukuyik_Creek_2.7,7345.07154517282,NA,NA,NA,NA,NA,1.732579791342848,877.240038177046,754,1149,173.80223152269699,NA,NA,NA,NA,NA,NA,NA,NA,NA,NA,NA,NA,NA,NA,NA,NA,NA,NA,NA,NA,NA,NA,NA,NA,NA,NA,NA,NA,NA,NA,NA,NA,NA,NA,NA,NA,NA,NA,NA,NA
lter,arctic,Roche_Moutonnee_Creek_Main,8410.86336429893,NA,NA,NA,NA,NA,14.439355048456001,1533.8403419593346,842,2200,183.34513172227716,NA,NA,NA,NA,NA,NA,NA,NA,NA,NA,NA,NA,NA,NA,NA,NA,NA,NA,NA,NA,NA,NA,NA,NA,NA,NA,NA,NA,NA,NA,NA,NA,NA,NA,NA,NA,NA,NA,NA,NA
lter,arctic,Toolik_Inlet_Main,4821.11996898384,NA,NA,NA,NA,NA,2.332846160026586,839.9564734187203,721,1067,232.91623664502708,NA,NA,NA,NA,NA,NA,NA,NA,NA,NA,NA,NA,NA,NA,NA,NA,NA,NA,NA,NA,NA,NA,NA,NA,NA,NA,NA,NA,NA,NA,NA,NA,NA,NA,NA,NA,NA,NA,NA,NA
lter,arctic,Trevor_Creek_Main,4310.74566837656,NA,NA,NA,NA,NA,22.207028855959912,1596.0368211184689,886,2233,201.2399311894709,NA,NA,NA,NA,NA,NA,NA,NA,NA,NA,NA,NA,NA,NA,NA,NA,NA,NA,NA,NA,NA,NA,NA,NA,NA,NA,NA,NA,NA,NA,NA,NA,NA,NA,NA,NA,NA,NA,NA,NA
czo,boulder,GGL,272.70310649759,NA,NA,NA,NA,NA,13.123426310654883,2611.901398650597,2431.9189453125,2731.20458984375,147.88384945425415,NA,NA,NA,NA,NA,NA,NA,NA,NA,NA,NA,NA,NA,NA,NA,NA,NA,NA,NA,NA,NA,NA,NA,NA,NA,NA,NA,NA,NA,NA,NA,NA,NA,NA,NA,NA,NA,NA,NA,NA
czo,boulder,GGU,91.4638978850041,NA,NA,NA,NA,NA,10.30601570517013,2677.3250439750345,2579.505615234375,2731.206787109375,164.24684553338898,NA,NA,NA,NA,NA,NA,NA,NA,NA,NA,NA,NA,NA,NA,NA,NA,NA,NA,NA,NA,NA,NA,NA,NA,NA,NA,NA,NA,NA,NA,NA,NA,NA,NA,NA,NA,NA,NA,NA,NA
czo,boulder,BC_SW_4,26425.1770147355,NA,NA,NA,NA,NA,9.575147837909986,2895.8091472536867,1810,3984,141.52608296743446,NA,NA,NA,NA,NA,NA,NA,NA,NA,NA,NA,NA,NA,NA,NA,NA,NA,NA,NA,NA,NA,NA,NA,NA,NA,NA,NA,NA,NA,NA,NA,NA,NA,NA,NA,NA,NA,NA,NA,NA
czo,boulder,BC_SW_20,9522.97828272054,NA,NA,NA,NA,NA,11.515999554172822,3156.8035608308605,2507,3980,140.38975626233335,NA,NA,NA,NA,NA,NA,NA,NA,NA,NA,NA,NA,NA,NA,NA,NA,NA,NA,NA,NA,NA,NA,NA,NA,NA,NA,NA,NA,NA,NA,NA,NA,NA,NA,NA,NA,NA,NA,NA,NA
czo,catalina_jemez,RedondoMeadow,593.330925539074,NA,NA,NA,NA,NA,17.82092237373488,2821.3116800747894,2467.83447265625,3422.83203125,221.7465548002132,NA,NA,NA,NA,NA,NA,NA,NA,NA,NA,NA,NA,NA,NA,NA,NA,NA,NA,NA,NA,NA,NA,NA,NA,NA,NA,NA,NA,NA,NA,NA,NA,NA,NA,NA,NA,NA,NA,NA,NA
czo,catalina_jemez,HistoryGrove,75.6203204944092,NA,NA,NA,NA,NA,14.961900527965021,2855.0392544572537,2683.51171875,3017.66650390625,134.3889703022019,NA,NA,NA,NA,NA,NA,NA,NA,NA,NA,NA,NA,NA,NA,NA,NA,NA,NA,NA,NA,NA,NA,NA,NA,NA,NA,NA,NA,NA,NA,NA,NA,NA,NA,NA,NA,NA,NA,NA,NA
czo,catalina_jemez,UpperJaramillo,786.531988698722,NA,NA,NA,NA,NA,12.781260749346606,2908.446310333358,2717.98095703125,3322.33544921875,178.1251623228243,NA,NA,NA,NA,NA,NA,NA,NA,NA,NA,NA,NA,NA,NA,NA,NA,NA,NA,NA,NA,NA,NA,NA,NA,NA,NA,NA,NA,NA,NA,NA,NA,NA,NA,NA,NA,NA,NA,NA,NA
czo,catalina_jemez,LowerJaramillo,2732.60398781136,NA,NA,NA,NA,NA,11.17238267221839,2805.5127031336783,2623,3322,189.48094997677578,NA,NA,NA,NA,NA,NA,NA,NA,NA,NA,NA,NA,NA,NA,NA,NA,NA,NA,NA,NA,NA,NA,NA,NA,NA,NA,NA,NA,NA,NA,NA,NA,NA,NA,NA,NA,NA,NA,NA,NA
czo,catalina_jemez,UpperLaJara,352.16802147914,NA,NA,NA,NA,NA,14.266514435663908,3121.222162394181,2766.373291015625,3429.41162109375,107.36952966304644,NA,NA,NA,NA,NA,NA,NA,NA,NA,NA,NA,NA,NA,NA,NA,NA,NA,NA,NA,NA,NA,NA,NA,NA,NA,NA,NA,NA,NA,NA,NA,NA,NA,NA,NA,NA,NA,NA,NA,NA
czo,catalina_jemez,LowerLaJara,373.330049346688,NA,NA,NA,NA,NA,5.46445179526128,2718.8252286724014,2691.118896484375,2754.569580078125,132.44967059995614,NA,NA,NA,NA,NA,NA,NA,NA,NA,NA,NA,NA,NA,NA,NA,NA,NA,NA,NA,NA,NA,NA,NA,NA,NA,NA,NA,NA,NA,NA,NA,NA,NA,NA,NA,NA,NA,NA,NA,NA
czo,catalina_jemez,LowerRedondo,1338.02596757187,NA,NA,NA,NA,NA,20.75100491834442,2596.179335613452,2500.804931640625,2758.302001953125,193.34930065403304,NA,NA,NA,NA,NA,NA,NA,NA,NA,NA,NA,NA,NA,NA,NA,NA,NA,NA,NA,NA,NA,NA,NA,NA,NA,NA,NA,NA,NA,NA,NA,NA,NA,NA,NA,NA,NA,NA,NA,NA
czo,catalina_jemez,MC_ FLUME,43.6678900612867,NA,NA,NA,NA,NA,13.422709884549873,3081.469544977945,2985.410888671875,3259.372314453125,106.60079329355939,NA,NA,NA,NA,NA,NA,NA,NA,NA,NA,NA,NA,NA,NA,NA,NA,NA,NA,NA,NA,NA,NA,NA,NA,NA,NA,NA,NA,NA,NA,NA,NA,NA,NA,NA,NA,NA,NA,NA,NA
czo,catalina_jemez,MarshallGulch,154.980948717892,NA,NA,NA,NA,NA,19.24021630444894,2427.8603437094484,2282.24267578125,2629.763916015625,147.3259726994817,NA,NA,NA,NA,NA,NA,NA,NA,NA,NA,NA,NA,NA,NA,NA,NA,NA,NA,NA,NA,NA,NA,NA,NA,NA,NA,NA,NA,NA,NA,NA,NA,NA,NA,NA,NA,NA,NA,NA,NA
czo,catalina_jemez,Bigelow,3.33303105864549,NA,NA,NA,NA,NA,10.920670847122562,2552.1622193889852,2521.146728515625,2575.85107421875,150.879386049043,NA,NA,NA,NA,NA,NA,NA,NA,NA,NA,NA,NA,NA,NA,NA,NA,NA,NA,NA,NA,NA,NA,NA,NA,NA,NA,NA,NA,NA,NA,NA,NA,NA,NA,NA,NA,NA,NA,NA,NA
czo,catalina_jemez,OracleRidge,86.026135194536,NA,NA,NA,NA,NA,19.689727551856272,2271.7902492142507,2046.7783203125,2467.3642578125,106.35407766909387,NA,NA,NA,NA,NA,NA,NA,NA,NA,NA,NA,NA,NA,NA,NA,NA,NA,NA,NA,NA,NA,NA,NA,NA,NA,NA,NA,NA,NA,NA,NA,NA,NA,NA,NA,NA,NA,NA,NA,NA
czo,catalina_jemez,UpperRedondo,420.903749091213,NA,NA,NA,NA,NA,13.85809337804416,2985.2257281216557,2704.483154296875,3435.479248046875,252.51876577888035,NA,NA,NA,NA,NA,NA,NA,NA,NA,NA,NA,NA,NA,NA,NA,NA,NA,NA,NA,NA,NA,NA,NA,NA,NA,NA,NA,NA,NA,NA,NA,NA,NA,NA,NA,NA,NA,NA,NA,NA
czo,catalina_jemez,FLUME_MCZOB,43.6678904288823,NA,NA,NA,NA,NA,13.422709884549873,3081.469544977945,2985.410888671875,3259.372314453125,106.60079329355939,NA,NA,NA,NA,NA,NA,NA,NA,NA,NA,NA,NA,NA,NA,NA,NA,NA,NA,NA,NA,NA,NA,NA,NA,NA,NA,NA,NA,NA,NA,NA,NA,NA,NA,NA,NA,NA,NA,NA,NA
czo,calhoun,weir_3,7.73531250703349,NA,NA,NA,NA,NA,9.124011205313957,160.5313186492614,138.38919067382812,171.0792694091797,231.49421671580313,NA,NA,NA,NA,NA,NA,NA,NA,NA,NA,NA,NA,NA,NA,NA,NA,NA,NA,NA,NA,NA,NA,NA,NA,NA,NA,NA,NA,NA,NA,NA,NA,NA,NA,NA,NA,NA,NA,NA,NA
czo,calhoun,weir_4,5.90803089032138,NA,NA,NA,NA,NA,8.543698802536666,161.650554105217,139.8023223876953,172.97201538085938,196.6928772814205,NA,NA,NA,NA,NA,NA,NA,NA,NA,NA,NA,NA,NA,NA,NA,NA,NA,NA,NA,NA,NA,NA,NA,NA,NA,NA,NA,NA,NA,NA,NA,NA,NA,NA,NA,NA,NA,NA,NA,NA
czo,calhoun,weir_2,7.31294490647589,NA,NA,NA,NA,NA,8.737533348008926,158.032668098155,132.408447265625,173.00979614257812,230.00686604930087,NA,NA,NA,NA,NA,NA,NA,NA,NA,NA,NA,NA,NA,NA,NA,NA,NA,NA,NA,NA,NA,NA,NA,NA,NA,NA,NA,NA,NA,NA,NA,NA,NA,NA,NA,NA,NA,NA,NA,NA
lter,luquillo,Q1,5.76332994919415,NA,NA,NA,NA,NA,20.61842760018447,327.7838814161276,250.87123107910156,413.8465881347656,274.0461244685356,NA,NA,NA,NA,NA,NA,NA,NA,NA,NA,NA,NA,NA,NA,NA,NA,NA,NA,NA,NA,NA,NA,NA,NA,NA,NA,NA,NA,NA,NA,NA,NA,NA,NA,NA,NA,NA,NA,NA,NA
lter,luquillo,Q2,6.32776712507104,NA,NA,NA,NA,NA,22.909586302081408,355.97603786663814,260.2657165527344,453.0930480957031,206.9534823434258,NA,NA,NA,NA,NA,NA,NA,NA,NA,NA,NA,NA,NA,NA,NA,NA,NA,NA,NA,NA,NA,NA,NA,NA,NA,NA,NA,NA,NA,NA,NA,NA,NA,NA,NA,NA,NA,NA,NA,NA
lter,luquillo,Q3,32.6429304869289,NA,NA,NA,NA,NA,20.58845206007639,445.68181217683514,248.64031982421875,664.821533203125,161.86003031698303,NA,NA,NA,NA,NA,NA,NA,NA,NA,NA,NA,NA,NA,NA,NA,NA,NA,NA,NA,NA,NA,NA,NA,NA,NA,NA,NA,NA,NA,NA,NA,NA,NA,NA,NA,NA,NA,NA,NA,NA
lter,luquillo,QG,144.141488221499,NA,NA,NA,NA,NA,14.31341644965168,700.411607501381,629.21063232421875,842.85736083984375,163.77132128649467,NA,NA,NA,NA,NA,NA,NA,NA,NA,NA,NA,NA,NA,NA,NA,NA,NA,NA,NA,NA,NA,NA,NA,NA,NA,NA,NA,NA,NA,NA,NA,NA,NA,NA,NA,NA,NA,NA,NA,NA
lter,luquillo,QS,164.795008459469,NA,NA,NA,NA,NA,17.45939610803579,709.6004336122685,325.911376953125,1012.1900024414062,220.65144414090955,NA,NA,NA,NA,NA,NA,NA,NA,NA,NA,NA,NA,NA,NA,NA,NA,NA,NA,NA,NA,NA,NA,NA,NA,NA,NA,NA,NA,NA,NA,NA,NA,NA,NA,NA,NA,NA,NA,NA,NA
lter,luquillo,RI,336.289938452396,NA,NA,NA,NA,NA,14.35231654722596,686.819239111018,614.05767822265625,842.85736083984375,169.10301872055697,NA,NA,NA,NA,NA,NA,NA,NA,NA,NA,NA,NA,NA,NA,NA,NA,NA,NA,NA,NA,NA,NA,NA,NA,NA,NA,NA,NA,NA,NA,NA,NA,NA,NA,NA,NA,NA,NA,NA,NA
lter,luquillo,MPR,1783.39089439801,NA,NA,NA,NA,NA,21.980599586570364,511.3468250718671,84.11820220947266,1055.0914306640625,164.36619318157253,NA,NA,NA,NA,NA,NA,NA,NA,NA,NA,NA,NA,NA,NA,NA,NA,NA,NA,NA,NA,NA,NA,NA,NA,NA,NA,NA,NA,NA,NA,NA,NA,NA,NA,NA,NA,NA,NA,NA,NA
usfs,fernow,WS-5,35.8254776619775,1357.5353509748325,9.741856251340357,NA,NA,NA,14.88701023834232,782.9932901449679,720.98992919921875,837.2083740234375,189.38271027273197,NA,NA,NA,NA,NA,NA,NA,NA,NA,NA,NA,NA,NA,NA,NA,NA,NA,NA,NA,NA,NA,NA,NA,NA,NA,NA,NA,NA,NA,NA,NA,NA,NA,NA,NA,NA,NA,NA,NA,NA
usfs,fernow,WS-4,36.9036451122178,NA,NA,NA,NA,NA,16.07409127135026,753.5158321982935,737.813232421875,765.1456298828125,168.85296761362176,NA,NA,NA,NA,NA,NA,NA,NA,NA,NA,NA,NA,NA,NA,NA,NA,NA,NA,NA,NA,NA,NA,NA,NA,NA,NA,NA,NA,NA,NA,NA,NA,NA,NA,NA,NA,NA,NA,NA,NA
usfs,fernow,WS-2,15.7841726751109,1357.5353509748325,9.741856251340357,NA,NA,NA,14.330119031337981,773.5715071614584,703.889892578125,816.82952880859375,173.6244983012062,NA,NA,NA,NA,NA,NA,NA,NA,NA,NA,NA,NA,NA,NA,NA,NA,NA,NA,NA,NA,NA,NA,NA,NA,NA,NA,NA,NA,NA,NA,NA,NA,NA,NA,NA,NA,NA,NA,NA,NA
usfs,fernow,WS-3,35.2321730019518,1357.5353509748325,9.741856251340357,NA,NA,NA,11.350874131384769,804.7257653268014,727.896484375,865.2232666015625,165.33978633067804,NA,NA,NA,NA,NA,NA,NA,NA,NA,NA,NA,NA,NA,NA,NA,NA,NA,NA,NA,NA,NA,NA,NA,NA,NA,NA,NA,NA,NA,NA,NA,NA,NA,NA,NA,NA,NA,NA,NA,NA
usfs,fernow,WS-10,15.7823941295029,1357.5353509748325,9.741856251340357,NA,NA,NA,15.10809290760216,766.6058113696706,706.11181640625,803.1885986328125,197.38890245409576,NA,NA,NA,NA,NA,NA,NA,NA,NA,NA,NA,NA,NA,NA,NA,NA,NA,NA,NA,NA,NA,NA,NA,NA,NA,NA,NA,NA,NA,NA,NA,NA,NA,NA,NA,NA,NA,NA,NA,NA
usfs,fernow,WS-1,29.8618330076571,1357.5353509748325,9.741856251340357,NA,NA,NA,19.855468410763073,740.9731780138404,634.96917724609375,801.9189453125,147.52303858092284,NA,NA,NA,NA,NA,NA,NA,NA,NA,NA,NA,NA,NA,NA,NA,NA,NA,NA,NA,NA,NA,NA,NA,NA,NA,NA,NA,NA,NA,NA,NA,NA,NA,NA,NA,NA,NA,NA,NA,NA
usfs,fernow,WS-13,14.0898255455109,1357.5353509748325,9.741856251340357,NA,NA,NA,16.580742806775632,760.1954753808016,712.98785400390625,789.89593505859375,278.08004759981856,NA,NA,NA,NA,NA,NA,NA,NA,NA,NA,NA,NA,NA,NA,NA,NA,NA,NA,NA,NA,NA,NA,NA,NA,NA,NA,NA,NA,NA,NA,NA,NA,NA,NA,NA,NA,NA,NA,NA,NA
usfs,fernow,WS-7,26.0170885865431,1357.5353509748325,9.741856251340357,NA,NA,NA,11.883715193676549,797.3290011553244,713.1253662109375,851.7064208984375,119.32104181420465,NA,NA,NA,NA,NA,NA,NA,NA,NA,NA,NA,NA,NA,NA,NA,NA,NA,NA,NA,NA,NA,NA,NA,NA,NA,NA,NA,NA,NA,NA,NA,NA,NA,NA,NA,NA,NA,NA,NA,NA
usfs,fernow,WS-6,22.4035065724175,1357.5353509748325,9.741856251340357,NA,NA,NA,11.450321025681056,781.9214934961644,712.98333740234375,833.53662109375,185.50058234401004,NA,NA,NA,NA,NA,NA,NA,NA,NA,NA,NA,NA,NA,NA,NA,NA,NA,NA,NA,NA,NA,NA,NA,NA,NA,NA,NA,NA,NA,NA,NA,NA,NA,NA,NA,NA,NA,NA,NA,NA
usfs,fernow,WS-14,130.878850705673,1357.5353509748325,9.741856251340357,NA,NA,NA,16.43606905426608,763.8146741467071,608.14605712890625,867.0906982421875,151.1430252065215,NA,NA,NA,NA,NA,NA,NA,NA,NA,NA,NA,NA,NA,NA,NA,NA,NA,NA,NA,NA,NA,NA,NA,NA,NA,NA,NA,NA,NA,NA,NA,NA,NA,NA,NA,NA,NA,NA,NA,NA
doe,east_river,PH,8495.10150487657,NA,NA,NA,NA,NA,14.525639792500664,3353.0827067669175,2762,4026,173.90300566068024,NA,NA,NA,NA,NA,NA,NA,NA,NA,NA,NA,NA,NA,NA,NA,NA,NA,NA,NA,NA,NA,NA,NA,NA,NA,NA,NA,NA,NA,NA,NA,NA,NA,NA,NA,NA,NA,NA,NA,NA
doe,east_river,EBC,6992.1744840004,NA,NA,NA,NA,NA,20.852510754739377,3368.458683102737,2868,4067,172.17012303161601,NA,NA,NA,NA,NA,NA,NA,NA,NA,NA,NA,NA,NA,NA,NA,NA,NA,NA,NA,NA,NA,NA,NA,NA,NA,NA,NA,NA,NA,NA,NA,NA,NA,NA,NA,NA,NA,NA,NA,NA
doe,east_river,Copper,2366.85643031477,NA,NA,NA,NA,NA,24.51319175280101,3528.3754996842504,2881.125244140625,4121.6591796875,199.304421239663,NA,NA,NA,NA,NA,NA,NA,NA,NA,NA,NA,NA,NA,NA,NA,NA,NA,NA,NA,NA,NA,NA,NA,NA,NA,NA,NA,NA,NA,NA,NA,NA,NA,NA,NA,NA,NA,NA,NA,NA
doe,east_river,Benthette,17.6872213081296,NA,NA,NA,NA,NA,24.49568353558484,3069.143702561692,2905.25537109375,3540.59375,84.6120168579404,NA,NA,NA,NA,NA,NA,NA,NA,NA,NA,NA,NA,NA,NA,NA,NA,NA,NA,NA,NA,NA,NA,NA,NA,NA,NA,NA,NA,NA,NA,NA,NA,NA,NA,NA,NA,NA,NA,NA,NA
doe,east_river,Avery,59.7616581169428,NA,NA,NA,NA,NA,27.75739121977219,3388.9793375606523,2925.3203125,3842.367919921875,242.88075464290077,NA,NA,NA,NA,NA,NA,NA,NA,NA,NA,NA,NA,NA,NA,NA,NA,NA,NA,NA,NA,NA,NA,NA,NA,NA,NA,NA,NA,NA,NA,NA,NA,NA,NA,NA,NA,NA,NA,NA,NA
doe,east_river,Marmot,37.7360671998785,NA,NA,NA,NA,NA,18.12469226268329,3152.1497270505793,2962.428466796875,3515.087158203125,232.31607691676646,NA,NA,NA,NA,NA,NA,NA,NA,NA,NA,NA,NA,NA,NA,NA,NA,NA,NA,NA,NA,NA,NA,NA,NA,NA,NA,NA,NA,NA,NA,NA,NA,NA,NA,NA,NA,NA,NA,NA,NA
doe,east_river,Gothic,89.6694544138682,NA,NA,NA,NA,NA,20.256225975005265,3377.789185727579,2933.6416015625,3808.74951171875,165.07669568269813,NA,NA,NA,NA,NA,NA,NA,NA,NA,NA,NA,NA,NA,NA,NA,NA,NA,NA,NA,NA,NA,NA,NA,NA,NA,NA,NA,NA,NA,NA,NA,NA,NA,NA,NA,NA,NA,NA,NA,NA
doe,east_river,Rock,357.009749775352,NA,NA,NA,NA,NA,15.53536398195444,3375.599584355789,2935.343505859375,3867.66845703125,119.48860509665938,NA,NA,NA,NA,NA,NA,NA,NA,NA,NA,NA,NA,NA,NA,NA,NA,NA,NA,NA,NA,NA,NA,NA,NA,NA,NA,NA,NA,NA,NA,NA,NA,NA,NA,NA,NA,NA,NA,NA,NA
doe,east_river,Bradley,382.300057099394,NA,NA,NA,NA,NA,21.71136877857729,3503.4238983587375,2934.444091796875,4042.269287109375,242.02806131363798,NA,NA,NA,NA,NA,NA,NA,NA,NA,NA,NA,NA,NA,NA,NA,NA,NA,NA,NA,NA,NA,NA,NA,NA,NA,NA,NA,NA,NA,NA,NA,NA,NA,NA,NA,NA,NA,NA,NA,NA
doe,east_river,Rustlers,1478.48050404859,NA,NA,NA,NA,NA,22.24902940612858,3490.33944632526,2951.334228515625,4074.694580078125,196.50013274284382,NA,NA,NA,NA,NA,NA,NA,NA,NA,NA,NA,NA,NA,NA,NA,NA,NA,NA,NA,NA,NA,NA,NA,NA,NA,NA,NA,NA,NA,NA,NA,NA,NA,NA,NA,NA,NA,NA,NA,NA
doe,east_river,EAQ,525.154710326083,NA,NA,NA,NA,NA,24.129882017427455,3350.4671976277177,2996.196533203125,3894.6064453125,127.54810147249903,NA,NA,NA,NA,NA,NA,NA,NA,NA,NA,NA,NA,NA,NA,NA,NA,NA,NA,NA,NA,NA,NA,NA,NA,NA,NA,NA,NA,NA,NA,NA,NA,NA,NA,NA,NA,NA,NA,NA,NA
doe,east_river,Quigley,255.033447863204,NA,NA,NA,NA,NA,21.88899952197006,3380.6369812312955,2988.863525390625,3904.748046875,85.4041161458169,NA,NA,NA,NA,NA,NA,NA,NA,NA,NA,NA,NA,NA,NA,NA,NA,NA,NA,NA,NA,NA,NA,NA,NA,NA,NA,NA,NA,NA,NA,NA,NA,NA,NA,NA,NA,NA,NA,NA,NA
doe,east_river,WG,1720.92027280767,NA,NA,NA,NA,NA,16.321584176717423,3164.246304787328,2890.376953125,3847.26123046875,170.80125948154574,NA,NA,NA,NA,NA,NA,NA,NA,NA,NA,NA,NA,NA,NA,NA,NA,NA,NA,NA,NA,NA,NA,NA,NA,NA,NA,NA,NA,NA,NA,NA,NA,NA,NA,NA,NA,NA,NA,NA,NA
doe,east_river,OBJ,2905.95575234163,NA,NA,NA,NA,NA,23.150548488420178,3311.8596282248204,2730,3878,155.6038725335596,NA,NA,NA,NA,NA,NA,NA,NA,NA,NA,NA,NA,NA,NA,NA,NA,NA,NA,NA,NA,NA,NA,NA,NA,NA,NA,NA,NA,NA,NA,NA,NA,NA,NA,NA,NA,NA,NA,NA,NA
usgs,usgs,black_earth_creek,3289.52532809393,945.0484246633947,7.993173843441064,NA,NA,NA,5.855536304678842,311.36396649932715,264,376,194.26849853179385,NA,NA,NA,NA,NA,NA,NA,NA,NA,NA,NA,NA,NA,NA,NA,NA,NA,NA,NA,NA,NA,NA,NA,NA,NA,NA,NA,NA,NA,NA,NA,NA,NA,NA,NA,NA,NA,NA,NA,NA
usfs,krew,P300,460.988916655782,998.3190003110649,9.466209495488812,NA,NA,NA,12.716906701311329,1884.5893175215792,1682.8179931640625,2114.953369140625,219.7922162383496,NA,NA,NA,NA,NA,NA,NA,NA,NA,NA,NA,NA,NA,NA,NA,NA,NA,NA,NA,NA,NA,NA,NA,NA,NA,NA,NA,NA,NA,NA,NA,NA,NA,NA,NA,NA,NA,NA,NA,NA
usfs,krew,P301,99.1564978068797,952.2001748263516,11.288061532878684,NA,NA,NA,11.278129753724896,1978.2990771342968,1792.2352294921875,2115.122802734375,208.5458951433445,NA,NA,NA,NA,NA,NA,NA,NA,NA,NA,NA,NA,NA,NA,NA,NA,NA,NA,NA,NA,NA,NA,NA,NA,NA,NA,NA,NA,NA,NA,NA,NA,NA,NA,NA,NA,NA,NA,NA,NA
usfs,krew,P303,132.323125200931,998.3190003110649,9.466209495488812,NA,NA,NA,12.313597860311024,1902.0010711120647,1726.5904541015625,2025.6068115234375,231.7049149272296,NA,NA,NA,NA,NA,NA,NA,NA,NA,NA,NA,NA,NA,NA,NA,NA,NA,NA,NA,NA,NA,NA,NA,NA,NA,NA,NA,NA,NA,NA,NA,NA,NA,NA,NA,NA,NA,NA,NA,NA
usfs,krew,P304,48.7316788119673,998.3190003110649,9.466209495488812,NA,NA,NA,13.285233743931387,1898.3796547358195,1766.1031494140625,1980.8919677734375,244.7144263424414,NA,NA,NA,NA,NA,NA,NA,NA,NA,NA,NA,NA,NA,NA,NA,NA,NA,NA,NA,NA,NA,NA,NA,NA,NA,NA,NA,NA,NA,NA,NA,NA,NA,NA,NA,NA,NA,NA,NA,NA
usfs,krew,D102,120.759242836914,998.3190003110649,9.466209495488812,NA,NA,NA,16.19263370301307,1779.3571554254916,1487.5220947265625,1980.9342041015625,244.7778350509689,NA,NA,NA,NA,NA,NA,NA,NA,NA,NA,NA,NA,NA,NA,NA,NA,NA,NA,NA,NA,NA,NA,NA,NA,NA,NA,NA,NA,NA,NA,NA,NA,NA,NA,NA,NA,NA,NA,NA,NA
usfs,krew,B200,473.946851554078,1078.6323495749007,8.933971896926195,NA,NA,NA,10.458227230982947,2321.8684327106143,2121.49755859375,2490.009033203125,228.57508778074217,NA,NA,NA,NA,NA,NA,NA,NA,NA,NA,NA,NA,NA,NA,NA,NA,NA,NA,NA,NA,NA,NA,NA,NA,NA,NA,NA,NA,NA,NA,NA,NA,NA,NA,NA,NA,NA,NA,NA,NA
usfs,krew,B201,52.9781882196456,1078.6323495749007,8.933971896926195,NA,NA,NA,10.799684820479794,2256.634794235498,2150.52783203125,2381.970947265625,227.18067815374886,NA,NA,NA,NA,NA,NA,NA,NA,NA,NA,NA,NA,NA,NA,NA,NA,NA,NA,NA,NA,NA,NA,NA,NA,NA,NA,NA,NA,NA,NA,NA,NA,NA,NA,NA,NA,NA,NA,NA,NA
usfs,krew,B203,138.355621904332,1078.6323495749007,8.933971896926195,NA,NA,NA,10.63196177159396,2374.8686648428115,2186.1240234375,2490.00537109375,230.57596737202553,NA,NA,NA,NA,NA,NA,NA,NA,NA,NA,NA,NA,NA,NA,NA,NA,NA,NA,NA,NA,NA,NA,NA,NA,NA,NA,NA,NA,NA,NA,NA,NA,NA,NA,NA,NA,NA,NA,NA,NA
usfs,krew,B204,166.914751940812,1078.6323495749007,8.933971896926195,NA,NA,NA,10.341520686442404,2366.0514596957996,2195.367431640625,2489.87890625,229.61541295348428,NA,NA,NA,NA,NA,NA,NA,NA,NA,NA,NA,NA,NA,NA,NA,NA,NA,NA,NA,NA,NA,NA,NA,NA,NA,NA,NA,NA,NA,NA,NA,NA,NA,NA,NA,NA,NA,NA,NA,NA
usfs,krew,T003,227.728860635872,1167.0262262102392,7.693627145301231,NA,NA,NA,14.007800809373872,2289.862391546605,2048.671875,2465.341064453125,143.8250121862239,NA,NA,NA,NA,NA,NA,NA,NA,NA,NA,NA,NA,NA,NA,NA,NA,NA,NA,NA,NA,NA,NA,NA,NA,NA,NA,NA,NA,NA,NA,NA,NA,NA,NA,NA,NA,NA,NA,NA,NA
usfs,suef,GSCC01,79.1793892151177,1165.26892525304,11.051076808512462,NA,NA,NA,11.537731235471988,897.4065262322096,754.96990966796875,1053.6964111328125,109.294865893434,NA,NA,NA,NA,NA,NA,NA,NA,NA,NA,NA,NA,NA,NA,NA,NA,NA,NA,NA,NA,NA,NA,NA,NA,NA,NA,NA,NA,NA,NA,NA,NA,NA,NA,NA,NA,NA,NA,NA,NA
usfs,suef,GSCC02,77.0094501613046,1165.26892525304,11.051076808512462,NA,NA,NA,11.59044580573139,883.9237753267029,755.333740234375,1025.49169921875,98.46236770660126,NA,NA,NA,NA,NA,NA,NA,NA,NA,NA,NA,NA,NA,NA,NA,NA,NA,NA,NA,NA,NA,NA,NA,NA,NA,NA,NA,NA,NA,NA,NA,NA,NA,NA,NA,NA,NA,NA,NA,NA
usfs,suef,GSCC03,47.1862713144562,1065.6059252786886,11.274439056878448,NA,NA,NA,13.158700917842328,832.6125860083118,730.33966064453125,943.2200927734375,180.40809772832023,NA,NA,NA,NA,NA,NA,NA,NA,NA,NA,NA,NA,NA,NA,NA,NA,NA,NA,NA,NA,NA,NA,NA,NA,NA,NA,NA,NA,NA,NA,NA,NA,NA,NA,NA,NA,NA,NA,NA,NA
usfs,suef,GSCC04,44.3525987934023,1065.6059252786886,11.274439056878448,NA,NA,NA,14.599231720828966,836.5478907656001,730.13104248046875,930.75115966796875,194.82886548830103,NA,NA,NA,NA,NA,NA,NA,NA,NA,NA,NA,NA,NA,NA,NA,NA,NA,NA,NA,NA,NA,NA,NA,NA,NA,NA,NA,NA,NA,NA,NA,NA,NA,NA,NA,NA,NA,NA,NA,NA
usfs,santee,WS77,209.296400105791,1354.973450455541,18.1959676818068,NA,NA,NA,0.6302684624469063,8.423063868500929,5.242043495178223,10.496749877929688,183.34666792842964,NA,NA,NA,NA,NA,NA,NA,NA,NA,NA,NA,NA,NA,NA,NA,NA,NA,NA,NA,NA,NA,NA,NA,NA,NA,NA,NA,NA,NA,NA,NA,NA,NA,NA,NA,NA,NA,NA,NA,NA
usfs,santee,WS78,2.32369432412088e-4,1375.9548753035021,18.297005014590606,NA,NA,NA,0.2147324400170604,11.829760403530896,5,20,189.79597140711462,NA,NA,NA,NA,NA,NA,NA,NA,NA,NA,NA,NA,NA,NA,NA,NA,NA,NA,NA,NA,NA,NA,NA,NA,NA,NA,NA,NA,NA,NA,NA,NA,NA,NA,NA,NA,NA,NA,NA,NA
usfs,santee,WS79,159.719882159863,1354.973450455541,18.1959676818068,NA,NA,NA,0.7262406024742116,8.086014161024137,3.7878544330596924,10.167098999023438,188.65317291094792,NA,NA,NA,NA,NA,NA,NA,NA,NA,NA,NA,NA,NA,NA,NA,NA,NA,NA,NA,NA,NA,NA,NA,NA,NA,NA,NA,NA,NA,NA,NA,NA,NA,NA,NA,NA,NA,NA,NA,NA
usfs,santee,WS80,155.7185573606,1337.069250262232,18.191530285276812,NA,NA,NA,0.7515203997748389,8.04237715013916,2.7200465202331543,10.540056228637695,186.59058257450903,NA,NA,NA,NA,NA,NA,NA,NA,NA,NA,NA,NA,NA,NA,NA,NA,NA,NA,NA,NA,NA,NA,NA,NA,NA,NA,NA,NA,NA,NA,NA,NA,NA,NA,NA,NA,NA,NA,NA,NA
krycklan,krycklan,Site1,47.8754445673929,NA,NA,NA,NA,NA,6.965228863678556,313.9860914558823,260.0484924316406,355.3234558105469,180.86937612897847,NA,NA,NA,NA,NA,NA,NA,NA,NA,NA,NA,NA,NA,NA,NA,NA,NA,NA,NA,NA,NA,NA,NA,NA,NA,NA,NA,NA,NA,NA,NA,NA,NA,NA,NA,NA,NA,NA,NA,NA
krycklan,krycklan,Site2,11.8741294194513,NA,NA,NA,NA,NA,6.58724226184238,312.47297373810324,282.2238464355469,342.1017150878906,158.14289243616236,NA,NA,NA,NA,NA,NA,NA,NA,NA,NA,NA,NA,NA,NA,NA,NA,NA,NA,NA,NA,NA,NA,NA,NA,NA,NA,NA,NA,NA,NA,NA,NA,NA,NA,NA,NA,NA,NA,NA,NA
krycklan,krycklan,Site4,17.7487720426027,NA,NA,NA,NA,NA,8.440823289444227,317.72745266667823,302.5432434082031,343.15399169921875,161.18525574829644,NA,NA,NA,NA,NA,NA,NA,NA,NA,NA,NA,NA,NA,NA,NA,NA,NA,NA,NA,NA,NA,NA,NA,NA,NA,NA,NA,NA,NA,NA,NA,NA,NA,NA,NA,NA,NA,NA,NA,NA
krycklan,krycklan,Site5,65.3106708308685,NA,NA,NA,NA,NA,7.823840242329957,322.36632779357205,300.34259033203125,357.63104248046875,174.3881289484047,NA,NA,NA,NA,NA,NA,NA,NA,NA,NA,NA,NA,NA,NA,NA,NA,NA,NA,NA,NA,NA,NA,NA,NA,NA,NA,NA,NA,NA,NA,NA,NA,NA,NA,NA,NA,NA,NA,NA,NA
krycklan,krycklan,Site6,109.682666614257,NA,NA,NA,NA,NA,8.145741644211036,314.5104433051259,261.503173828125,357.623046875,175.30821052806235,NA,NA,NA,NA,NA,NA,NA,NA,NA,NA,NA,NA,NA,NA,NA,NA,NA,NA,NA,NA,NA,NA,NA,NA,NA,NA,NA,NA,NA,NA,NA,NA,NA,NA,NA,NA,NA,NA,NA,NA
krycklan,krycklan,Site7,46.6972315695585,NA,NA,NA,NA,NA,7.574517503127839,309.66960448793634,273.3647155761719,343.16339111328125,164.49184688676954,NA,NA,NA,NA,NA,NA,NA,NA,NA,NA,NA,NA,NA,NA,NA,NA,NA,NA,NA,NA,NA,NA,NA,NA,NA,NA,NA,NA,NA,NA,NA,NA,NA,NA,NA,NA,NA,NA,NA,NA
krycklan,krycklan,Site9,287.798789706466,NA,NA,NA,NA,NA,7.5119421358906715,285.9367540023769,212.44869995117188,357.60205078125,171.02571659695258,NA,NA,NA,NA,NA,NA,NA,NA,NA,NA,NA,NA,NA,NA,NA,NA,NA,NA,NA,NA,NA,NA,NA,NA,NA,NA,NA,NA,NA,NA,NA,NA,NA,NA,NA,NA,NA,NA,NA,NA
krycklan,krycklan,Site10,335.340134072616,NA,NA,NA,NA,NA,8.67533004222621,328.11305595121746,279.6524963378906,383.59051513671875,168.80992742217668,NA,NA,NA,NA,NA,NA,NA,NA,NA,NA,NA,NA,NA,NA,NA,NA,NA,NA,NA,NA,NA,NA,NA,NA,NA,NA,NA,NA,NA,NA,NA,NA,NA,NA,NA,NA,NA,NA,NA,NA
krycklan,krycklan,Site12,543.43700960921,NA,NA,NA,NA,NA,8.128113712720523,310.3842533152989,205.20950317382812,383.58251953125,171.46501122220582,NA,NA,NA,NA,NA,NA,NA,NA,NA,NA,NA,NA,NA,NA,NA,NA,NA,NA,NA,NA,NA,NA,NA,NA,NA,NA,NA,NA,NA,NA,NA,NA,NA,NA,NA,NA,NA,NA,NA,NA
krycklan,krycklan,Site13,411.545488613364,NA,NA,NA,NA,NA,7.935387862014214,284.64477897058174,195.2661590576172,374.73309326171875,162.42846966467232,NA,NA,NA,NA,NA,NA,NA,NA,NA,NA,NA,NA,NA,NA,NA,NA,NA,NA,NA,NA,NA,NA,NA,NA,NA,NA,NA,NA,NA,NA,NA,NA,NA,NA,NA,NA,NA,NA,NA,NA
krycklan,krycklan,Site14,1409.01155911439,NA,NA,NA,NA,NA,8.499041617876209,259.3908144909849,161.04302978515625,391.37249755859375,175.67288268184691,NA,NA,NA,NA,NA,NA,NA,NA,NA,NA,NA,NA,NA,NA,NA,NA,NA,NA,NA,NA,NA,NA,NA,NA,NA,NA,NA,NA,NA,NA,NA,NA,NA,NA,NA,NA,NA,NA,NA,NA
krycklan,krycklan,Site15,1910.73705488759,NA,NA,NA,NA,NA,7.958933848435387,307.7083697915154,205.30540466308594,399.0185852050781,180.0732577304008,NA,NA,NA,NA,NA,NA,NA,NA,NA,NA,NA,NA,NA,NA,NA,NA,NA,NA,NA,NA,NA,NA,NA,NA,NA,NA,NA,NA,NA,NA,NA,NA,NA,NA,NA,NA,NA,NA,NA,NA
krycklan,krycklan,Site16,6783.68706433816,NA,NA,NA,NA,NA,2.4653702381689855,240.66202712348323,128,370,166.84009672608826,NA,NA,NA,NA,NA,NA,NA,NA,NA,NA,NA,NA,NA,NA,NA,NA,NA,NA,NA,NA,NA,NA,NA,NA,NA,NA,NA,NA,NA,NA,NA,NA,NA,NA,NA,NA,NA,NA,NA,NA
walker_branch,walker_branch,east_fork,61.3716208600188,1403.705600591947,14.60461504583077,NA,NA,NA,11.539387145640317,318.6381900939031,267.0687561035156,361.423095703125,199.64809914488882,NA,NA,NA,NA,NA,NA,NA,NA,NA,NA,NA,NA,NA,NA,NA,NA,NA,NA,NA,NA,NA,NA,NA,NA,NA,NA,NA,NA,NA,NA,NA,NA,NA,NA,NA,NA,NA,NA,NA,NA
walker_branch,walker_branch,west_fork,38.3678494883125,1403.705600591947,14.60461504583077,NA,NA,NA,12.149550391990255,314.9828012327561,266.76214599609375,348.2183532714844,160.674691503513,NA,NA,NA,NA,NA,NA,NA,NA,NA,NA,NA,NA,NA,NA,NA,NA,NA,NA,NA,NA,NA,NA,NA,NA,NA,NA,NA,NA,NA,NA,NA,NA,NA,NA,NA,NA,NA,NA,NA,NA
czo,shale_hills,GRO,136.728057900776,NA,NA,NA,NA,NA,11.322228453014839,554.9027179364978,457.63189697265625,650.5362548828125,224.3804691241724,NA,NA,NA,NA,NA,NA,NA,NA,NA,NA,NA,NA,NA,NA,NA,NA,NA,NA,NA,NA,NA,NA,NA,NA,NA,NA,NA,NA,NA,NA,NA,NA,NA,NA,NA,NA,NA,NA,NA,NA
czo,shale_hills,SCAL,1547.58937717436,NA,NA,NA,NA,NA,9.701166457981534,446.3876933328501,264.3156433105469,649.28765869140625,189.87258370578317,NA,NA,NA,NA,NA,NA,NA,NA,NA,NA,NA,NA,NA,NA,NA,NA,NA,NA,NA,NA,NA,NA,NA,NA,NA,NA,NA,NA,NA,NA,NA,NA,NA,NA,NA,NA,NA,NA,NA,NA
czo,shale_hills,SCO,12347.5024590489,NA,NA,NA,NA,NA,4.7738811507111505,353.5360544217687,213,695,195.37165998940836,NA,NA,NA,NA,NA,NA,NA,NA,NA,NA,NA,NA,NA,NA,NA,NA,NA,NA,NA,NA,NA,NA,NA,NA,NA,NA,NA,NA,NA,NA,NA,NA,NA,NA,NA,NA,NA,NA,NA,NA
czo,shale_hills,SH_weir,6.94307712902109,NA,NA,NA,NA,NA,16.204304587943437,295.47732932044056,270.6334228515625,324.5123291015625,270.1571576723838,NA,NA,NA,NA,NA,NA,NA,NA,NA,NA,NA,NA,NA,NA,NA,NA,NA,NA,NA,NA,NA,NA,NA,NA,NA,NA,NA,NA,NA,NA,NA,NA,NA,NA,NA,NA,NA,NA,NA,NA
lter,bear,WB,NA,NA,NA,NA,NA,NA,NA,NA,NA,NA,NA,NA,NA,NA,NA,NA,NA,NA,NA,NA,NA,NA,NA,NA,NA,NA,NA,NA,NA,NA,NA,NA,NA,NA,NA,NA,NA,NA,NA,NA,NA,NA,NA,NA,NA,NA,NA,NA,NA,NA,NA
lter,bear,EB,NA,NA,NA,NA,NA,NA,NA,NA,NA,NA,NA,NA,NA,NA,NA,NA,NA,NA,NA,NA,NA,NA,NA,NA,NA,NA,NA,NA,NA,NA,NA,NA,NA,NA,NA,NA,NA,NA,NA,NA,NA,NA,NA,NA,NA,NA,NA,NA,NA,NA,NA
NA,NA,NL,NA,NA,NA,NA,NA,NA,16.286991506478586,3247.228743416102,2727,3974,139.74819830831413,NA,NA,NA,NA,NA,NA,NA,NA,NA,NA,NA,NA,NA,NA,NA,NA,NA,NA,NA,NA,NA,NA,NA,NA,NA,NA,NA,NA,NA,NA,NA,NA,NA,NA,NA,NA,NA,NA,NA,NA
NA,NA,w101,NA,NA,NA,NA,NA,NA,11.351156386760076,530.5512495313319,471.1172790527344,585.096923828125,165.17167965120143,NA,NA,NA,NA,NA,NA,NA,NA,NA,NA,NA,NA,NA,NA,NA,NA,NA,NA,NA,NA,NA,NA,NA,NA,NA,NA,NA,NA,NA,NA,NA,NA,NA,NA,NA,NA,NA,NA,NA,NA
